Year,Name,POS,Salary,Team Abbv.,Team Name,Division
2021,Dak Prescott,QB,"$75,000,000 ",DAL,Dallas Cowboys,NFC East
2021,Tom Brady,QB,"$39,420,588 ",TB,Tampa Bay Buccaneers,NFC South
2021,T.J. Watt,OLB,"$36,593,470 ",PIT,Pittsburgh Steelers,AFC North
2021,Trent Williams,LT,"$32,311,755 ",SF,San Francisco 49ers,NFC West
2021,Jonathan Allen,DT,"$31,142,235 ",WAS,Washington Commanders,NFC East
2021,Leonard Williams,DE,"$26,000,000 ",NYG,New  York Giants,NFC East
2021,Jared Goff,QB,"$25,650,000 ",DET,Detroit Lions,NFC North
2021,Jimmy Garoppolo,QB,"$25,405,870 ",SF,San Francisco 49ers,NFC West
2021,Trevor Lawrence,QB,"$24,778,900 ",JAC,Jacksonville Jaguars,AFC South
2021,Ryan Tannehill,QB,"$24,500,000 ",TEN,Tennessee Titans,AFC South
2021,Ronnie Stanley,LT,"$23,750,000 ",BAL,Baltimore Ravens,AFC North
2021,Zach Wilson,QB,"$23,584,132 ",NYJ,New York Jets,AFC East
2021,Shaquille Leonard,ILB,"$23,384,000 ",IND,Indianapolis Colts,AFC South
2021,Matt Ryan,QB,"$23,000,000 ",ATL,Atlanta Falcons,NFC South
2021,Trey Lance,QB,"$22,823,836 ",SF,San Francisco 49ers,NFC West
2021,Patrick Mahomes,QB,"$22,806,905 ",KC,Kansas City Chiefs,AFC West
2021,Aaron Rodgers,QB,"$22,664,706 ",GB,Green Bay Packers,NFC North
2021,Kyle Pitts,TE,"$21,954,904 ",ATL,Atlanta Falcons,NFC South
2021,Myles Garrett,DE,"$21,684,000 ",CLE,Cleveland Browns,AFC North
2021,Chris Jones,DT,"$21,500,000 ",KC,Kansas City Chiefs,AFC West
2021,Carson Wentz,QB,"$21,305,882 ",IND,Indianapolis Colts,AFC South
2021,Tyler Lockett,WR,"$21,000,000 ",SEA,Pittsburgh Steelers,NFC West
2021,Jamal Adams,SS,"$21,000,000 ",SEA,Pittsburgh Steelers,NFC West
2021,Kirk Cousins,QB,"$21,000,000 ",MIN,Minnesota Vikings,NFC North
2021,Ryan Ramczyk,RT,"$20,473,216 ",NO,New Orleans Saints,NFC South
2021,Ja'Marr Chase,WR,"$20,434,284 ",CIN,Cincinnati Bengals,AFC North
2021,Josh Allen,QB,"$20,038,596 ",BUF,Buffalo Bills,AFC East
2021,Matt Judon,OLB,"$20,000,000 ",NE,New England Patriots,AFC East
2021,Matthew Stafford,QB,"$20,000,000 ",LAR,Los Angeles Rams,NFC West
2021,Amari Cooper,WR,"$20,000,000 ",DAL,Dallas Cowboys,NFC East
2021,Shaquil Barrett,OLB,"$20,000,000 ",TB,Tampa Bay Buccaneers,NFC South
2021,Trey Hendrickson,DE,"$19,976,471 ",CIN,Cincinnati Bengals,AFC North
2021,Aaron Donald,DT,"$19,892,000 ",LAR,Los Angeles Rams,NFC West
2021,Derek Carr,QB,"$19,625,000 ",LV,Los Angeles Rams,AFC West
2021,Russell Wilson,QB,"$19,000,000 ",SEA,Pittsburgh Steelers,NFC West
2021,Frank Clark,DE,"$19,000,000 ",KC,Kansas City Chiefs,AFC West
2021,Marlon Humphrey,CB,"$18,244,000 ",BAL,Baltimore Ravens,AFC North
2021,Kenny Golladay,WR,"$18,205,870 ",NYG,New  York Giants,NFC East
2021,Tre'Davious White,CB,"$18,111,755 ",BUF,Buffalo Bills,AFC East
2021,Joe Thuney,G,"$18,100,000 ",KC,Kansas City Chiefs,AFC West
2021,Brandon Scherff,G,"$18,036,000 ",WAS,Washington Commanders,NFC East
2021,Allen Robinson,WR,"$17,980,000 ",CHI,Chicago Bears,NFC North
2021,Bud Dupree,OLB,"$17,911,755 ",TEN,Tennessee Titans,AFC South
2021,Marshon Lattimore,CB,"$17,744,000 ",NO,New Orleans Saints,NFC South
2021,Jaylen Waddle,WR,"$17,718,904 ",MIA,Miami Dolphins,AFC East
2021,Jalen Ramsey,CB,"$17,500,000 ",LAR,Los Angeles Rams,NFC West
2021,Braden Smith,RT,"$17,433,000 ",IND,Indianapolis Colts,AFC South
2021,Khalil Mack,OLB,"$17,246,000 ",CHI,Chicago Bears,NFC North
2021,Hunter Henry,TE,"$17,000,000 ",NE,New England Patriots,AFC East
2021,DeMarcus Lawrence,DE,"$17,000,000 ",DAL,Dallas Cowboys,NFC East
2021,Corey Linsley,C,"$17,000,000 ",LAC,Los Angeles Chargers,AFC West
2021,Justin Simmons,FS,"$17,000,000 ",DEN,Denver Broncos,AFC West
2021,DeForest Buckner,DT,"$17,000,000 ",IND,Indianapolis Colts,AFC South
2021,Xavien Howard,CB,"$16,995,585 ",MIA,Miami Dolphins,AFC East
2021,Jonnu Smith,TE,"$16,941,168 ",NE,New England Patriots,AFC East
2021,William Jackson,CB,"$16,656,250 ",WAS,Washington Commanders,NFC East
2021,Joel Bitonio,G,"$16,558,824 ",CLE,Cleveland Browns,AFC North
2021,Za'Darius Smith,OLB,"$16,529,411 ",GB,Green Bay Packers,NFC North
2021,Laremy Tunsil,LT,"$16,150,000 ",HOU,Houston Texans,AFC South
2021,Leonard Floyd,OLB,"$16,000,000 ",LAR,Los Angeles Rams,NFC West
2021,Dalvin Tomlinson,DT,"$16,000,000 ",MIN,Minnesota Vikings,NFC North
2021,Fletcher Cox,DT,"$16,000,000 ",PHI,Philadelphia Eagles,NFC East
2021,Taylor Moton,RT,"$16,000,000 ",CAR,Carolina Panthers,NFC South
2021,Chris Godwin,WR,"$15,983,000 ",TB,Tampa Bay Buccaneers,NFC South
2021,Adoree' Jackson,CB,"$15,764,699 ",NYG,New  York Giants,NFC East
2021,Mike Williams,WR,"$15,680,000 ",LAC,Los Angeles Chargers,AFC West
2021,Tyreek Hill,WR,"$15,600,500 ",KC,Kansas City Chiefs,AFC West
2021,D.J. Humphries,LT,"$15,600,000 ",ARI,Arizona Cardinals,NFC West
2021,Penei Sewell,RT,"$15,546,596 ",DET,Detroit Lions,NFC North
2021,Chandler Jones,OLB,"$15,500,000 ",ARI,Arizona Cardinals,NFC West
2021,Dion Dawkins,LT,"$15,300,000 ",BUF,Buffalo Bills,AFC East
2021,Stefon Diggs,WR,"$15,108,333 ",BUF,Buffalo Bills,AFC East
2021,Romeo Okwara,OLB,"$15,000,000 ",DET,Detroit Lions,NFC North
2021,Arik Armstead,DE,"$15,000,000 ",SF,San Francisco 49ers,NFC West
2021,Carl Lawson,DE,"$15,000,000 ",NYJ,New York Jets,AFC East
2021,Tyrann Mathieu,FS,"$14,800,000 ",KC,Kansas City Chiefs,AFC West
2021,Ryan Kelly,C,"$14,650,000 ",IND,Indianapolis Colts,AFC South
2021,Harrison Smith,FS,"$14,544,115 ",MIN,Minnesota Vikings,NFC North
2021,J.J. Watt,DE,"$14,500,000 ",ARI,Arizona Cardinals,NFC West
2021,Trey Flowers,OLB,"$14,375,000 ",DET,Detroit Lions,NFC North
2021,James Bradberry,CB,"$14,250,000 ",NYG,New  York Giants,NFC East
2021,Donovan Smith,LT,"$14,250,000 ",TB,Tampa Bay Buccaneers,NFC South
2021,Aaron Jones,RB,"$14,226,460 ",GB,Green Bay Packers,NFC North
2021,Ben Roethlisberger,QB,"$14,000,000 ",PIT,Pittsburgh Steelers,AFC North
2021,Byron Jones,CB,"$14,000,000 ",MIA,Miami Dolphins,AFC East
2021,Corey Davis,WR,"$14,000,000 ",NYJ,New York Jets,AFC East
2021,Shaquill Griffin,CB,"$13,911,754 ",JAC,Jacksonville Jaguars,AFC South
2021,Cameron Jordan,DE,"$13,900,000 ",NO,New Orleans Saints,NFC South
2021,Cam Robinson,LT,"$13,754,000 ",JAC,Jacksonville Jaguars,AFC South
2021,DeAndre Hopkins,WR,"$13,750,000 ",ARI,Arizona Cardinals,NFC West
2021,Joey Bosa,OLB,"$13,750,000 ",LAC,Los Angeles Chargers,AFC West
2021,Lane Johnson,RT,"$13,715,000 ",PHI,Philadelphia Eagles,NFC East
2021,Grady Jarrett,DT,"$13,500,000 ",ATL,Atlanta Falcons,NFC South
2021,Jerome Baker,OLB,"$13,420,000 ",MIA,Miami Dolphins,AFC East
2021,Bobby Wagner,ILB,"$13,400,000 ",SEA,Pittsburgh Steelers,NFC West
2021,Curtis Samuel,WR,"$13,375,000 ",WAS,Washington Commanders,NFC East
2021,Jaycee Horn,CB,"$13,374,288 ",CAR,Carolina Panthers,NFC South
2021,David Bakhtiari,LT,"$13,270,543 ",GB,Green Bay Packers,NFC North
2021,Patrick Surtain II,CB,"$13,265,548 ",DEN,Denver Broncos,AFC West
2021,John Johnson,SS,"$13,250,000 ",CLE,Cleveland Browns,AFC North
2021,Fred Warner,OLB,"$13,240,000 ",SF,San Francisco 49ers,NFC West
2021,Jarvis Landry,WR,"$13,211,765 ",CLE,Cleveland Browns,AFC North
2021,Brandin Cooks,WR,"$13,141,168 ",HOU,Houston Texans,AFC South
2021,Matt Milano,OLB,"$13,044,118 ",BUF,Buffalo Bills,AFC East
2021,Danielle Hunter,DE,"$13,044,110 ",MIN,Minnesota Vikings,NFC North
2021,Yannick Ngakoue,DE,"$13,000,000 ",LV,Los Angeles Rams,AFC West
2021,Cooper Kupp,WR,"$13,000,000 ",LAR,Los Angeles Rams,NFC West
2021,Brandon Graham,DE,"$13,000,000 ",PHI,Philadelphia Eagles,NFC East
2021,Taylor Decker,LT,"$13,000,000 ",DET,Detroit Lions,NFC North
2021,Keenan Allen,WR,"$13,000,000 ",LAC,Los Angeles Chargers,AFC West
2021,Jake Matthews,LT,"$13,000,000 ",ATL,Atlanta Falcons,NFC South
2021,Charles Leno,LT,"$12,970,588 ",WAS,Washington Commanders,NFC East
2021,Nick Chubb,RB,"$12,920,000 ",CLE,Cleveland Browns,AFC North
2021,Michael Thomas,WR,"$12,800,000 ",NO,New Orleans Saints,NFC South
2021,Jason Pierre-Paul,OLB,"$12,800,000 ",TB,Tampa Bay Buccaneers,NFC South
2021,Javon Hargrave,DT,"$12,750,000 ",PHI,Philadelphia Eagles,NFC East
2021,Landon Collins,SS,"$12,718,750 ",WAS,Washington Commanders,NFC East
2021,Davante Adams,WR,"$12,687,500 ",GB,Green Bay Packers,NFC North
2021,DeVonta Smith,WR,"$12,668,284 ",PHI,Philadelphia Eagles,NFC East
2021,Robert Woods,WR,"$12,500,000 ",LAR,Los Angeles Rams,NFC West
2021,Darius Slay,CB,"$12,500,000 ",PHI,Philadelphia Eagles,NFC East
2021,Robbie Anderson,WR,"$12,500,000 ",CAR,Carolina Panthers,NFC South
2021,Lavonte David,OLB,"$12,500,000 ",TB,Tampa Bay Buccaneers,NFC South
2021,Mike Evans,WR,"$12,250,000 ",TB,Tampa Bay Buccaneers,NFC South
2021,Taysom Hill,QB,"$12,159,000 ",NO,New Orleans Saints,NFC South
2021,Duane Brown,LT,"$11,940,000 ",SEA,Pittsburgh Steelers,NFC West
2021,Nelson Agholor,WR,"$11,882,345 ",NE,New England Patriots,AFC East
2021,Travis Kelce,TE,"$11,805,872 ",KC,Kansas City Chiefs,AFC West
2021,Cory Littleton,ILB,"$11,750,000 ",LV,Los Angeles Rams,AFC West
2021,Justin Fields,QB,"$11,745,060 ",CHI,Chicago Bears,NFC North
2021,Kevin Byard,FS,"$11,700,000 ",TEN,Tennessee Titans,AFC South
2021,Taylor Lewan,LT,"$11,600,000 ",TEN,Tennessee Titans,AFC South
2021,Robert Quinn,OLB,"$11,600,000 ",CHI,Chicago Bears,NFC North
2021,Adam Thielen,WR,"$11,582,343 ",MIN,Minnesota Vikings,NFC North
2021,Kolton Miller,LT,"$11,500,000 ",LV,Los Angeles Rams,AFC West
2021,Austin Hooper,TE,"$11,500,000 ",CLE,Cleveland Browns,AFC North
2021,Marcus Peters,CB,"$11,468,118 ",BAL,Baltimore Ravens,AFC North
2021,Mark Andrews,TE,"$11,333,055 ",BAL,Baltimore Ravens,AFC North
2021,Sam Hubbard,DE,"$11,191,176 ",CIN,Cincinnati Bengals,AFC North
2021,Budda Baker,S,"$11,100,000 ",ARI,Arizona Cardinals,NFC West
2021,Terron Armstead,LT,"$10,967,500 ",NO,New Orleans Saints,NFC South
2021,Dallas Goedert,TE,"$10,951,635 ",PHI,Philadelphia Eagles,NFC East
2021,Josh Sweat,DE,"$10,920,000 ",PHI,Philadelphia Eagles,NFC East
2021,Shaq Thompson,OLB,"$10,891,754 ",CAR,Carolina Panthers,NFC South
2021,Jordan Mailata,LT,"$10,850,000 ",PHI,Philadelphia Eagles,NFC East
2021,Trae Waynes,CB,"$10,800,000 ",CIN,Cincinnati Bengals,AFC North
2021,Marcus Williams,FS,"$10,612,000 ",NO,New Orleans Saints,NFC South
2021,Marcus Maye,FS,"$10,612,000 ",NYJ,New York Jets,AFC East
2021,Deshaun Watson,QB,"$10,540,000 ",HOU,Houston Texans,AFC South
2021,Ryan Fitzpatrick,QB,"$10,537,000 ",WAS,Washington Commanders,NFC East
2021,Cameron Heyward,DT,"$10,500,000 ",PIT,Pittsburgh Steelers,AFC North
2021,Tyron Smith,LT,"$10,500,000 ",DAL,Dallas Cowboys,NFC East
2021,Derrick Henry,RB,"$10,500,000 ",TEN,Tennessee Titans,AFC South
2021,Brandon Brooks,G,"$10,500,000 ",PHI,Philadelphia Eagles,NFC East
2021,Akiem Hicks,DE,"$10,500,000 ",CHI,Chicago Bears,NFC North
2021,Micah Parsons,ILB,"$10,441,668 ",DAL,Dallas Cowboys,NFC East
2021,Michael Davis,CB,"$10,352,935 ",LAC,Los Angeles Chargers,AFC West
2021,Halapoulivaati Vaitai,G,"$10,335,000 ",DET,Detroit Lions,NFC North
2021,Ali Marpet,G,"$10,250,000 ",TB,Tampa Bay Buccaneers,NFC South
2021,Ndamukong Suh,DT,"$10,200,000 ",TB,Tampa Bay Buccaneers,NFC South
2021,Rashawn Slater,LT,"$10,115,824 ",LAC,Los Angeles Chargers,AFC West
2021,Gabe Jackson,G,"$10,075,000 ",SEA,Pittsburgh Steelers,NFC West
2021,Derek Barnett,DE,"$10,051,000 ",PHI,Philadelphia Eagles,NFC East
2021,Calais Campbell,DE,"$10,000,000 ",BAL,Baltimore Ravens,AFC North
2021,Kendall Fuller,CB,"$10,000,000 ",WAS,Washington Commanders,NFC East
2021,Kevin Zeitler,G,"$10,000,000 ",BAL,Baltimore Ravens,AFC North
2021,Jordan Phillips,DT,"$10,000,000 ",ARI,Arizona Cardinals,NFC West
2021,Micah Hyde,SS,"$10,000,000 ",BUF,Buffalo Bills,AFC East
2021,Andy Dalton,QB,"$10,000,000 ",CHI,Chicago Bears,NFC North
2021,Jack Conklin,RT,"$10,000,000 ",CLE,Cleveland Browns,AFC North
2021,Ryan Jensen,C,"$10,000,000 ",TB,Tampa Bay Buccaneers,NFC South
2021,Ronald Darby,CB,"$10,000,000 ",DEN,Denver Broncos,AFC West
2021,Shelby Harris,DT,"$10,000,000 ",DEN,Denver Broncos,AFC West
2021,Will Fuller,WR,"$9,945,000 ",MIA,Miami Dolphins,AFC East
2021,Rodger Saffold,G,"$9,941,165 ",TEN,Tennessee Titans,AFC South
2021,Rayshawn Jenkins,S,"$9,911,754 ",JAC,Jacksonville Jaguars,AFC South
2021,Rodney Hudson,C,"$9,900,000 ",ARI,Arizona Cardinals,NFC West
2021,Daryl Williams,RT,"$9,750,000 ",BUF,Buffalo Bills,AFC East
2021,Myles Jack,ILB,"$9,750,000 ",JAC,Jacksonville Jaguars,AFC South
2021,Ezekiel Elliott,RB,"$9,600,000 ",DAL,Dallas Cowboys,NFC East
2021,Alijah Vera-Tucker,G,"$9,572,748 ",NYJ,New York Jets,AFC East
2021,D.J. Reader,DT,"$9,500,000 ",CIN,Cincinnati Bengals,AFC North
2021,Carl Nassib,DE,"$9,500,000 ",LV,Los Angeles Rams,AFC West
2021,Kyle Fuller,CB,"$9,470,588 ",DEN,Denver Broncos,AFC West
2021,J.C. Tretter,C,"$9,435,294 ",CLE,Cleveland Browns,AFC North
2021,Mac Jones,QB,"$9,355,528 ",NE,New England Patriots,AFC East
2021,DeVante Parker,WR,"$9,269,110 ",MIA,Miami Dolphins,AFC East
2021,Preston Smith,OLB,"$9,232,353 ",GB,Green Bay Packers,NFC North
2021,Matt Paradis,C,"$9,059,497 ",CAR,Carolina Panthers,NFC South
2021,Eddie Jackson,FS,"$9,050,000 ",CHI,Chicago Bears,NFC North
2021,Chidobe Awuzie,CB,"$9,038,235 ",CIN,Cincinnati Bengals,AFC North
2021,Andrus Peat,G,"$9,010,000 ",NO,New Orleans Saints,NFC South
2021,Stephon Tuitt,DE,"$9,000,000 ",PIT,Pittsburgh Steelers,AFC North
2021,Tyus Bowser,OLB,"$9,000,000 ",BAL,Baltimore Ravens,AFC North
2021,Jason Kelce,C,"$9,000,000 ",PHI,Philadelphia Eagles,NFC East
2021,Matt Feiler,RT,"$9,000,000 ",LAC,Los Angeles Chargers,AFC West
2021,Andrew Norwell,G,"$9,000,000 ",JAC,Jacksonville Jaguars,AFC South
2021,Jimmie Ward,FS,"$8,970,576 ",SF,San Francisco 49ers,NFC West
2021,Devin McCourty,FS,"$8,941,176 ",NE,New England Patriots,AFC East
2021,Zack Martin,G,"$8,910,000 ",DAL,Dallas Cowboys,NFC East
2021,George Fant,LT,"$8,852,935 ",NYJ,New York Jets,AFC East
2021,T.Y. Hilton,WR,"$8,750,000 ",IND,Indianapolis Colts,AFC South
2021,Roy Robertson-Harris,DT,"$8,729,406 ",JAC,Jacksonville Jaguars,AFC South
2021,Graham Glasgow,G,"$8,705,877 ",DEN,Denver Broncos,AFC West
2021,Zaven Collins,ILB,"$8,703,824 ",ARI,Arizona Cardinals,NFC West
2021,Brandon Linder,C,"$8,647,053 ",JAC,Jacksonville Jaguars,AFC South
2021,Dont'a Hightower,ILB,"$8,622,059 ",NE,New England Patriots,AFC East
2021,Andrew Whitworth,LT,"$8,500,000 ",LAR,Los Angeles Rams,NFC West
2021,Carlos Dunlap,DE,"$8,500,000 ",SEA,Pittsburgh Steelers,NFC West
2021,Eric Fisher,LT,"$8,490,000 ",IND,Indianapolis Colts,AFC South
2021,Alex Leatherwood,RT,"$8,486,592 ",LV,Los Angeles Rams,AFC West
2021,Eric Kendricks,ILB,"$8,470,575 ",MIN,Minnesota Vikings,NFC North
2021,Tyler Boyd,WR,"$8,435,294 ",CIN,Cincinnati Bengals,AFC North
2021,Mike Hilton,CB,"$8,352,941 ",CIN,Cincinnati Bengals,AFC North
2021,Logan Thomas,TE,"$8,270,000 ",WAS,Washington Commanders,NFC East
2021,Christian McCaffrey,RB,"$8,237,500 ",CAR,Carolina Panthers,NFC South
2021,Blake Martinez,ILB,"$8,225,000 ",NYG,New  York Giants,NFC East
2021,Adrian Phillips,FS,"$8,220,588 ",NE,New England Patriots,AFC East
2021,Jaelan Phillips,DE,"$8,215,056 ",MIA,Miami Dolphins,AFC East
2021,Anthony Barr,OLB,"$8,193,822 ",MIN,Minnesota Vikings,NFC North
2021,Courtland Sutton,WR,"$8,183,000 ",DEN,Denver Broncos,AFC West
2021,La'el Collins,RT,"$8,119,444 ",DAL,Dallas Cowboys,NFC East
2021,Jamin Davis,LB,"$8,052,128 ",WAS,Washington Commanders,NFC East
2021,JuJu Smith-Schuster,WR,"$8,000,000 ",PIT,Pittsburgh Steelers,AFC North
2021,Alejandro Villanueva,RT,"$8,000,000 ",BAL,Baltimore Ravens,AFC North
2021,Patrick Peterson,CB,"$8,000,000 ",MIN,Minnesota Vikings,NFC North
2021,Connor McGovern,C,"$8,000,000 ",NYJ,New York Jets,AFC East
2021,Rob Gronkowski,TE,"$8,000,000 ",TB,Tampa Bay Buccaneers,NFC South
2021,Kadarius Toney,WR,"$7,997,824 ",NYG,New  York Giants,NFC East
2021,Kwity Paye,DE,"$7,943,515 ",IND,Indianapolis Colts,AFC South
2021,Linval Joseph,DT,"$7,900,000 ",LAC,Los Angeles Chargers,AFC West
2021,Janoris Jenkins,CB,"$7,882,343 ",TEN,Tennessee Titans,AFC South
2021,Caleb Farley,CB,"$7,834,896 ",TEN,Tennessee Titans,AFC South
2021,Bryan Bulaga,RT,"$7,750,000 ",LAC,Los Angeles Chargers,AFC West
2021,Christian Darrisaw,LT,"$7,726,284 ",MIN,Minnesota Vikings,NFC North
2021,Trenton Brown,RT,"$7,588,235 ",NE,New England Patriots,AFC East
2021,Denico Autry,DE,"$7,511,754 ",TEN,Tennessee Titans,AFC South
2021,Najee Harris,RB,"$7,509,052 ",PIT,Pittsburgh Steelers,AFC North
2021,Marvin Jones,WR,"$7,500,000 ",JAC,Jacksonville Jaguars,AFC South
2021,Davon Godchaux,DT,"$7,500,000 ",NE,New England Patriots,AFC East
2021,Nick Boyle,TE,"$7,500,000 ",BAL,Baltimore Ravens,AFC North
2021,Nick Kwiatkoski,OLB,"$7,500,000 ",LV,Los Angeles Rams,AFC West
2021,Michael Dickson,P,"$7,500,000 ",SEA,Pittsburgh Steelers,NFC West
2021,Chris Harris,CB,"$7,500,000 ",LAC,Los Angeles Chargers,AFC West
2021,Emmanuel Ogbah,DE,"$7,500,000 ",MIA,Miami Dolphins,AFC East
2021,Jadeveon Clowney,DE,"$7,470,588 ",CLE,Cleveland Browns,AFC North
2021,Riley Reiff,RT,"$7,464,705 ",CIN,Cincinnati Bengals,AFC North
2021,Deatrich Wise,DE,"$7,441,168 ",NE,New England Patriots,AFC East
2021,Travis Etienne,RB,"$7,400,440 ",JAC,Jacksonville Jaguars,AFC South
2021,Greg Newsome,CB,"$7,291,808 ",CLE,Cleveland Browns,AFC North
2021,Dee Ford,DE,"$7,264,702 ",SF,San Francisco 49ers,NFC West
2021,A.J. Green,WR,"$7,250,000 ",ARI,Arizona Cardinals,NFC West
2021,Frank Ragnow,C,"$7,209,111 ",DET,Detroit Lions,NFC North
2021,Rashod Bateman,WR,"$7,183,208 ",BAL,Baltimore Ravens,AFC North
2021,Wyatt Teller,G,"$7,183,000 ",CLE,Cleveland Browns,AFC North
2021,Bryce Callahan,CB,"$7,176,471 ",DEN,Denver Broncos,AFC West
2021,David Onyemata,DT,"$7,170,000 ",NO,New Orleans Saints,NFC South
2021,Payton Turner,DE,"$7,128,900 ",NO,New Orleans Saints,NFC South
2021,Jerry Hughes,DE,"$7,100,000 ",BUF,Buffalo Bills,AFC East
2021,Kyle Van Noy,ILB,"$7,000,000 ",NE,New England Patriots,AFC East
2021,Joe Haden,CB,"$7,000,000 ",PIT,Pittsburgh Steelers,AFC North
2021,Nyheim Hines,RB,"$7,000,000 ",IND,Indianapolis Colts,AFC South
2021,Sterling Shepard,WR,"$7,000,000 ",NYG,New  York Giants,NFC East
2021,Kyle Rudolph,TE,"$7,000,000 ",NYG,New  York Giants,NFC East
2021,Michael Brockers,DT,"$7,000,000 ",DET,Detroit Lions,NFC North
2021,Jimmy Graham,TE,"$7,000,000 ",CHI,Chicago Bears,NFC North
2021,Grover Stewart,DT,"$6,980,000 ",IND,Indianapolis Colts,AFC South
2021,Melvin Gordon,RB,"$6,941,176 ",DEN,Denver Broncos,AFC West
2021,Danny Trevathan,ILB,"$6,913,235 ",CHI,Chicago Bears,NFC North
2021,Shaq Mason,G,"$6,882,345 ",NE,New England Patriots,AFC East
2021,Tyler Higbee,TE,"$6,875,000 ",LAR,Los Angeles Rams,NFC West
2021,Jordan Poyer,SS,"$6,851,464 ",BUF,Buffalo Bills,AFC East
2021,Jabrill Peppers,SS,"$6,770,000 ",NYG,New  York Giants,NFC East
2021,Kendrick Bourne,WR,"$6,750,000 ",NE,New England Patriots,AFC East
2021,Rob Havenstein,RT,"$6,750,000 ",LAR,Los Angeles Rams,NFC West
2021,Malcolm Jenkins,FS,"$6,700,000 ",NO,New Orleans Saints,NFC South
2021,Daniel Carlson,K,"$6,699,556 ",LV,Los Angeles Rams,AFC West
2021,Eric Stokes,CB,"$6,693,108 ",GB,Green Bay Packers,NFC North
2021,Avonte Maddox,CB,"$6,682,997 ",PHI,Philadelphia Eagles,NFC East
2021,Devon Kennard,OLB,"$6,678,665 ",ARI,Arizona Cardinals,NFC West
2021,Vita Vea,DT,"$6,648,632 ",TB,Tampa Bay Buccaneers,NFC South
2021,Derek Wolfe,DE,"$6,500,000 ",BAL,Baltimore Ravens,AFC North
2021,Cody Whitehair,C,"$6,500,000 ",CHI,Chicago Bears,NFC North
2021,Greg Rousseau,DE,"$6,462,328 ",BUF,Buffalo Bills,AFC East
2021,Anthony Hitchens,ILB,"$6,441,165 ",KC,Kansas City Chiefs,AFC West
2021,Kenny Moore,CB,"$6,400,000 ",IND,Indianapolis Colts,AFC South
2021,Tim Patrick,WR,"$6,384,000 ",DEN,Denver Broncos,AFC West
2021,Jalen Mills,CB,"$6,382,352 ",NE,New England Patriots,AFC East
2021,Darren Waller,TE,"$6,370,000 ",LV,Los Angeles Rams,AFC West
2021,Demario Davis,OLB,"$6,300,000 ",NO,New Orleans Saints,NFC South
2021,Odafe Oweh,OLB,"$6,269,012 ",BAL,Baltimore Ravens,AFC North
2021,Ben Jones,C,"$6,250,000 ",TEN,Tennessee Titans,AFC South
2021,Larry Ogunjobi,DT,"$6,176,471 ",CIN,Cincinnati Bengals,AFC North
2021,Quandre Diggs,FS,"$6,150,000 ",SEA,Pittsburgh Steelers,NFC West
2021,Joe Tryon,DE,"$6,144,536 ",TB,Tampa Bay Buccaneers,NFC South
2021,Mark Glowinski,G,"$6,120,588 ",IND,Indianapolis Colts,AFC South
2021,Stephon Gilmore,CB,"$6,091,505 ",CAR,Carolina Panthers,NFC South
2021,Evan Engram,TE,"$6,013,000 ",NYG,New  York Giants,NFC East
2021,David Njoku,TE,"$6,013,000 ",CLE,Cleveland Browns,AFC North
2021,O.J. Howard,TE,"$6,013,000 ",TB,Tampa Bay Buccaneers,NFC South
2021,Marcus Cannon,RT,"$6,002,940 ",HOU,Houston Texans,AFC South
2021,Eric Ebron,TE,"$6,000,000 ",PIT,Pittsburgh Steelers,AFC North
2021,Gerald Everett,TE,"$6,000,000 ",SEA,Pittsburgh Steelers,NFC West
2021,Cam Newton,QB,"$6,000,000 ",CAR,Carolina Panthers,NFC South
2021,Case Keenum,QB,"$6,000,000 ",CLE,Cleveland Browns,AFC North
2021,Haason Reddick,OLB,"$6,000,000 ",CAR,Carolina Panthers,NFC South
2021,Dante Fowler Jr.,OLB,"$6,000,000 ",ATL,Atlanta Falcons,NFC South
2021,C.J. Mosley,ILB,"$6,000,000 ",NYJ,New York Jets,AFC East
2021,Brandon Williams,DT,"$5,996,000 ",BAL,Baltimore Ravens,AFC North
2021,Cameron Erving,LT,"$5,990,000 ",CAR,Carolina Panthers,NFC South
2021,Eric Murray,SS,"$5,985,280 ",HOU,Houston Texans,AFC South
2021,A.J. Klein,OLB,"$5,976,460 ",BUF,Buffalo Bills,AFC East
2021,Emmanuel Sanders,WR,"$5,941,176 ",BUF,Buffalo Bills,AFC East
2021,Mario Addison,DE,"$5,927,941 ",BUF,Buffalo Bills,AFC East
2021,Dawuane Smoot,DE,"$5,900,000 ",JAC,Jacksonville Jaguars,AFC South
2021,Cole Beasley,WR,"$5,870,576 ",BUF,Buffalo Bills,AFC East
2021,Christopher Carson,RB,"$5,700,000 ",SEA,Pittsburgh Steelers,NFC West
2021,Zach Ertz,TE,"$5,666,667 ",ARI,Arizona Cardinals,NFC West
2021,Brian O'Neill,RT,"$5,576,115 ",MIN,Minnesota Vikings,NFC North
2021,Eric Rowe,SS,"$5,525,000 ",MIA,Miami Dolphins,AFC East
2021,Randall Cobb,WR,"$5,514,694 ",GB,Green Bay Packers,NFC North
2021,Logan Ryan,CB,"$5,500,000 ",NYG,New  York Giants,NFC East
2021,Jameis Winston,QB,"$5,500,000 ",NO,New Orleans Saints,NFC South
2021,Samson Ebukam,OLB,"$5,500,000 ",SF,San Francisco 49ers,NFC West
2021,Alex Mack,C,"$5,500,000 ",SF,San Francisco 49ers,NFC West
2021,William Gholston,DE,"$5,500,000 ",TB,Tampa Bay Buccaneers,NFC South
2021,Jarrad Davis,ILB,"$5,500,000 ",NYJ,New York Jets,AFC East
2021,Mitch Morse,C,"$5,477,941 ",BUF,Buffalo Bills,AFC East
2021,Kyle Juszczyk,FB,"$5,475,000 ",SF,San Francisco 49ers,NFC West
2021,Jarran Reed,DT,"$5,470,588 ",KC,Kansas City Chiefs,AFC West
2021,Keelan Cole,WR,"$5,470,588 ",NYJ,New York Jets,AFC East
2021,Sheldon Rankins,DT,"$5,441,168 ",NYJ,New York Jets,AFC East
2021,Trey Hopkins,C,"$5,438,235 ",CIN,Cincinnati Bengals,AFC North
2021,Matthew Ioannidis,DT,"$5,402,941 ",WAS,Washington Commanders,NFC East
2021,Joe Mixon,RB,"$5,376,471 ",CIN,Cincinnati Bengals,AFC North
2021,Jamison Crowder,WR,"$5,352,932 ",NYJ,New York Jets,AFC East
2021,Tyrod Taylor,QB,"$5,323,529 ",HOU,Houston Texans,AFC South
2021,Laken Tomlinson,G,"$5,264,705 ",SF,San Francisco 49ers,NFC West
2021,Jason Verrett,CB,"$5,264,699 ",SF,San Francisco 49ers,NFC West
2021,Justin Pugh,G,"$5,235,290 ",ARI,Arizona Cardinals,NFC West
2021,Xavier Rhodes,CB,"$5,210,000 ",IND,Indianapolis Colts,AFC South
2021,Taron Johnson,CB,"$5,200,667 ",BUF,Buffalo Bills,AFC East
2021,Deion Jones,ILB,"$5,162,353 ",ATL,Atlanta Falcons,NFC South
2021,Billy Turner,RT,"$5,157,058 ",GB,Green Bay Packers,NFC North
2021,Baker Mayfield,QB,"$5,106,770 ",CLE,Cleveland Browns,AFC North
2021,Jack Doyle,TE,"$5,100,000 ",IND,Indianapolis Colts,AFC South
2021,C.J. Uzomah,TE,"$5,073,529 ",CIN,Cincinnati Bengals,AFC North
2021,Malcom Brown,DT,"$5,000,000 ",JAC,Jacksonville Jaguars,AFC South
2021,Sammy Watkins,WR,"$5,000,000 ",BAL,Baltimore Ravens,AFC North
2021,Ryan Succop,K,"$5,000,000 ",TB,Tampa Bay Buccaneers,NFC South
2021,Jacoby Brissett,QB,"$5,000,000 ",MIA,Miami Dolphins,AFC East
2021,Chase Roullier,C,"$4,990,000 ",WAS,Washington Commanders,NFC East
2021,Kareem Jackson,SS,"$4,985,294 ",DEN,Denver Broncos,AFC West
2021,Jourdan Lewis,CB,"$4,970,575 ",DAL,Dallas Cowboys,NFC East
2021,Jason Sanders,K,"$4,970,000 ",MIA,Miami Dolphins,AFC East
2021,A.J. Cann,G,"$4,945,575 ",JAC,Jacksonville Jaguars,AFC South
2021,Kevin King,CB,"$4,929,412 ",GB,Green Bay Packers,NFC North
2021,Star Lotulelei,DT,"$4,911,755 ",BUF,Buffalo Bills,AFC East
2021,Jonathan Jones,CB,"$4,882,348 ",NE,New England Patriots,AFC East
2021,Jamal Agnew,WR,"$4,876,470 ",JAC,Jacksonville Jaguars,AFC South
2021,Kareem Hunt,RB,"$4,870,588 ",CLE,Cleveland Browns,AFC North
2021,Eddie Goldman,DT,"$4,850,000 ",CHI,Chicago Bears,NFC North
2021,Saquon Barkley,RB,"$4,833,829 ",NYG,New  York Giants,NFC East
2021,Jon Feliciano,G,"$4,823,521 ",BUF,Buffalo Bills,AFC East
2021,Dean Lowry,DE,"$4,800,000 ",GB,Green Bay Packers,NFC North
2021,Jared Cook,TE,"$4,800,000 ",LAC,Los Angeles Chargers,AFC West
2021,David Johnson,RB,"$4,779,411 ",HOU,Houston Texans,AFC South
2021,Sam Darnold,QB,"$4,774,685 ",CAR,Carolina Panthers,NFC South
2021,Darious Williams,CB,"$4,766,000 ",LAR,Los Angeles Rams,NFC West
2021,Gus Edwards,RB,"$4,750,000 ",BAL,Baltimore Ravens,AFC North
2021,Vernon Butler,DT,"$4,747,050 ",BUF,Buffalo Bills,AFC East
2021,Maliek Collins,DT,"$4,705,882 ",HOU,Houston Texans,AFC South
2021,Denzel Ward,CB,"$4,627,094 ",CLE,Cleveland Browns,AFC North
2021,Tyson Campbell,CB,"$4,576,440 ",JAC,Jacksonville Jaguars,AFC South
2021,Adrian Amos,FS,"$4,554,000 ",GB,Green Bay Packers,NFC North
2021,Elijah Moore,WR,"$4,522,128 ",NYJ,New York Jets,AFC East
2021,Mario Edwards,DE,"$4,500,097 ",CHI,Chicago Bears,NFC North
2021,Zach Banner,RT,"$4,500,000 ",PIT,Pittsburgh Steelers,AFC North
2021,Cameron Sutton,CB,"$4,500,000 ",PIT,Pittsburgh Steelers,AFC North
2021,Nicholas Morrow,OLB,"$4,500,000 ",LV,Los Angeles Rams,AFC West
2021,Troy Hill,CB,"$4,500,000 ",CLE,Cleveland Browns,AFC North
2021,Benson Mayowa,DE,"$4,490,000 ",SEA,Pittsburgh Steelers,NFC West
2021,Vonn Bell,FS,"$4,488,235 ",CIN,Cincinnati Bengals,AFC North
2021,Javonte Williams,RB,"$4,467,820 ",DEN,Denver Broncos,AFC West
2021,Poona Ford,DT,"$4,420,000 ",SEA,Pittsburgh Steelers,NFC West
2021,Teddy Bridgewater,QB,"$4,415,000 ",DEN,Denver Broncos,AFC West
2021,Emmanuel Moseley,CB,"$4,384,000 ",SF,San Francisco 49ers,NFC West
2021,Bradley Chubb,OLB,"$4,368,806 ",DEN,Denver Broncos,AFC West
2021,Jevon Holland,S,"$4,359,208 ",MIA,Miami Dolphins,AFC East
2021,Morgan Moses,RT,"$4,320,588 ",NYJ,New York Jets,AFC East
2021,Landon Dickerson,G,"$4,315,764 ",PHI,Philadelphia Eagles,NFC East
2021,Anthony Brown,CB,"$4,250,000 ",DAL,Dallas Cowboys,NFC East
2021,"Odell Beckham, Jr.",WR,"$4,250,000 ",LAR,Los Angeles Rams,NFC West
2021,Germain Ifedi,RT,"$4,250,000 ",CHI,Chicago Bears,NFC North
2021,Austin Ekeler,RB,"$4,250,000 ",LAC,Los Angeles Chargers,AFC West
2021,Dan Feeney,G,"$4,220,588 ",NYJ,New York Jets,AFC East
2021,Christian Barmore,DT,"$4,217,996 ",NE,New England Patriots,AFC East
2021,Teven Jenkins,T,"$4,120,252 ",CHI,Chicago Bears,NFC North
2021,James Hurst,LT,"$4,075,000 ",NO,New Orleans Saints,NFC South
2021,DaQuan Jones,DT,"$4,050,000 ",CAR,Carolina Panthers,NFC South
2021,Richie Grant,S,"$4,033,356 ",ATL,Atlanta Falcons,NFC South
2021,Marcedes Lewis,TE,"$4,000,000 ",GB,Green Bay Packers,NFC North
2021,A'Shawn Robinson,DT,"$4,000,000 ",LAR,Los Angeles Rams,NFC West
2021,Keanu Neal,ILB,"$4,000,000 ",DAL,Dallas Cowboys,NFC East
2021,Isaac Seumalo,G,"$4,000,000 ",PHI,Philadelphia Eagles,NFC East
2021,Anthony Harris,FS,"$4,000,000 ",PHI,Philadelphia Eagles,NFC East
2021,Nick Foles,QB,"$4,000,000 ",CHI,Chicago Bears,NFC North
2021,Morgan Fox,DE,"$4,000,000 ",CAR,Carolina Panthers,NFC South
2021,Brandon McManus,K,"$4,000,000 ",DEN,Denver Broncos,AFC West
2021,Jayon Brown,ILB,"$3,985,294 ",TEN,Tennessee Titans,AFC South
2021,Wes Schweitzer,G,"$3,970,000 ",WAS,Washington Commanders,NFC East
2021,Levi Onwuzurike,DT,"$3,946,468 ",DET,Detroit Lions,NFC North
2021,Logan Cooke,P,"$3,920,000 ",JAC,Jacksonville Jaguars,AFC South
2021,Terrance Mitchell,CB,"$3,911,754 ",HOU,Houston Texans,AFC South
2021,Quenton Nelson,G,"$3,907,580 ",IND,Indianapolis Colts,AFC South
2021,Kyler Murray,QB,"$3,866,240 ",ARI,Arizona Cardinals,NFC West
2021,Albert Wilson,WR,"$3,850,000 ",MIA,Miami Dolphins,AFC East
2021,Liam Eichenberg,G,"$3,848,712 ",MIA,Miami Dolphins,AFC East
2021,Henry Anderson,DE,"$3,776,468 ",NE,New England Patriots,AFC East
2021,Trevon Moehrig,S,"$3,761,824 ",LV,Los Angeles Rams,AFC West
2021,Chris Manhertz,TE,"$3,750,000 ",JAC,Jacksonville Jaguars,AFC South
2021,Johnny Hekker,P,"$3,750,000 ",LAR,Los Angeles Rams,NFC West
2021,Tarell Basham,DE,"$3,750,000 ",DAL,Dallas Cowboys,NFC East
2021,Adam Butler,DT,"$3,750,000 ",MIA,Miami Dolphins,AFC East
2021,Cameron Brate,TE,"$3,750,000 ",TB,Tampa Bay Buccaneers,NFC South
2021,Greg Van Roten,G,"$3,750,000 ",NYJ,New York Jets,AFC East
2021,Markus Golden,OLB,"$3,735,294 ",ARI,Arizona Cardinals,NFC West
2021,Malik Jackson,DT,"$3,735,294 ",CLE,Cleveland Browns,AFC North
2021,Juston Burris,SS,"$3,715,875 ",CAR,Carolina Panthers,NFC South
2021,Denzelle Good,G,"$3,700,000 ",LV,Los Angeles Rams,AFC West
2021,George Kittle,TE,"$3,682,348 ",SF,San Francisco 49ers,NFC West
2021,Kelvin Joseph,CB,"$3,679,028 ",DAL,Dallas Cowboys,NFC East
2021,Takkarist McKinley,DE,"$3,676,471 ",CLE,Cleveland Browns,AFC North
2021,Chris Hubbard,RT,"$3,661,755 ",CLE,Cleveland Browns,AFC North
2021,Nick Bosa,DE,"$3,650,170 ",SF,San Francisco 49ers,NFC West
2021,Kerry Hyder,DE,"$3,650,000 ",SEA,Pittsburgh Steelers,NFC West
2021,Wil Lutz,K,"$3,650,000 ",NO,New Orleans Saints,NFC South
2021,Joe Schobert,ILB,"$3,632,352 ",PIT,Pittsburgh Steelers,AFC North
2021,Quinnen Williams,DE,"$3,627,216 ",NYJ,New York Jets,AFC East
2021,Jesse Davis,RT,"$3,585,000 ",MIA,Miami Dolphins,AFC East
2021,Cairo Santos,K,"$3,575,000 ",CHI,Chicago Bears,NFC North
2021,Sheldon Richardson,DT,"$3,564,705 ",MIN,Minnesota Vikings,NFC North
2021,Walker Little,LT,"$3,563,056 ",JAC,Jacksonville Jaguars,AFC South
2021,Blake Jarwin,TE,"$3,544,117 ",DAL,Dallas Cowboys,NFC East
2021,Mason Crosby,K,"$3,500,000 ",GB,Green Bay Packers,NFC North
2021,Justin Tucker,K,"$3,500,000 ",BAL,Baltimore Ravens,AFC North
2021,Johnathan Hankins,DT,"$3,500,000 ",LV,Los Angeles Rams,AFC West
2021,Marcus Mariota,QB,"$3,500,000 ",LV,Los Angeles Rams,AFC West
2021,Jalen Richard,RB,"$3,500,000 ",LV,Los Angeles Rams,AFC West
2021,Graham Gano,K,"$3,500,000 ",NYG,New  York Giants,NFC East
2021,Devontae Booker,RB,"$3,500,000 ",NYG,New  York Giants,NFC East
2021,D.J. Jones,DT,"$3,455,870 ",SF,San Francisco 49ers,NFC West
2021,Ka'imi Fairbairn,K,"$3,450,000 ",HOU,Houston Texans,AFC South
2021,Kendall Lamm,RT,"$3,441,176 ",TEN,Tennessee Titans,AFC South
2021,Jackson Carman,G,"$3,438,144 ",CIN,Cincinnati Bengals,AFC North
2021,J.C. Jackson,CB,"$3,384,000 ",NE,New England Patriots,AFC East
2021,Mo Alie-Cox,TE,"$3,384,000 ",IND,Indianapolis Colts,AFC South
2021,Zach Pascal,WR,"$3,384,000 ",IND,Indianapolis Colts,AFC South
2021,Robert Tonyan Jr.,TE,"$3,384,000 ",GB,Green Bay Packers,NFC North
2021,Dennis Gardeck,OLB,"$3,384,000 ",ARI,Arizona Cardinals,NFC West
2021,Orlando Brown Jr.,LT,"$3,384,000 ",KC,Kansas City Chiefs,AFC West
2021,Charvarius Ward,CB,"$3,384,000 ",KC,Kansas City Chiefs,AFC West
2021,Matt Gono,T,"$3,384,000 ",ATL,Atlanta Falcons,NFC South
2021,A.J. Johnson,ILB,"$3,384,000 ",DEN,Denver Broncos,AFC West
2021,A.J. Bouye,CB,"$3,380,556 ",CAR,Carolina Panthers,NFC South
2021,Brandon Shell,RT,"$3,375,000 ",SEA,Pittsburgh Steelers,NFC West
2021,Jason Myers,K,"$3,350,000 ",SEA,Pittsburgh Steelers,NFC West
2021,Tyler Matakevich,ILB,"$3,350,000 ",BUF,Buffalo Bills,AFC East
2021,Clelin Ferrell,DE,"$3,345,984 ",LV,Los Angeles Rams,AFC West
2021,Devin White,ILB,"$3,335,074 ",TB,Tampa Bay Buccaneers,NFC South
2021,Mike Purcell,DT,"$3,323,521 ",DEN,Denver Broncos,AFC West
2021,Mike Remmers,LT,"$3,300,000 ",KC,Kansas City Chiefs,AFC West
2021,Asante Samuel Jr.,CB,"$3,273,052 ",LAC,Los Angeles Chargers,AFC West
2021,K.J. Wright,OLB,"$3,255,000 ",LV,Los Angeles Rams,AFC West
2021,Leonard Fournette,RB,"$3,250,000 ",TB,Tampa Bay Buccaneers,NFC South
2021,Harrison Butker,K,"$3,234,118 ",KC,Kansas City Chiefs,AFC West
2021,Quinton Jefferson,DT,"$3,220,000 ",LV,Los Angeles Rams,AFC West
2021,Alex Lewis,G,"$3,211,765 ",NYJ,New York Jets,AFC East
2021,Desmond King,CB,"$3,191,176 ",HOU,Houston Texans,AFC South
2021,Kevin Pierre-Louis,OLB,"$3,191,170 ",HOU,Houston Texans,AFC South
2021,Sam Tevi,LT,"$3,170,000 ",IND,Indianapolis Colts,AFC South
2021,Roquan Smith,ILB,"$3,169,613 ",CHI,Chicago Bears,NFC North
2021,Aaron Banks,G,"$3,164,436 ",SF,San Francisco 49ers,NFC West
2021,Mike McGlinchey,RT,"$3,151,166 ",SF,San Francisco 49ers,NFC West
2021,Raheem Mostert,RB,"$3,142,640 ",SF,San Francisco 49ers,NFC West
2021,Chris Boswell,K,"$3,085,000 ",PIT,Pittsburgh Steelers,AFC North
2021,Rondale Moore,WR,"$3,055,812 ",ARI,Arizona Cardinals,NFC West
2021,Daniel Jones,QB,"$3,003,096 ",NYG,New  York Giants,NFC East
2021,Trai Turner,G,"$3,000,000 ",PIT,Pittsburgh Steelers,AFC North
2021,Ereck Flowers,G,"$3,000,000 ",WAS,Washington Commanders,NFC East
2021,David Andrews,C,"$3,000,000 ",NE,New England Patriots,AFC East
2021,Mason Rudolph,QB,"$3,000,000 ",PIT,Pittsburgh Steelers,AFC North
2021,Tyson Alualu,DE,"$3,000,000 ",PIT,Pittsburgh Steelers,AFC North
2021,Kenyan Drake,RB,"$3,000,000 ",LV,Los Angeles Rams,AFC West
2021,Nate Solder,RT,"$3,000,000 ",NYG,New  York Giants,NFC East
2021,Austin Johnson,DT,"$3,000,000 ",NYG,New  York Giants,NFC East
2021,Ethan Pocic,C,"$3,000,000 ",SEA,Pittsburgh Steelers,NFC West
2021,Anthony Firkser,TE,"$3,000,000 ",TEN,Tennessee Titans,AFC South
2021,Michael Pierce,DT,"$3,000,000 ",MIN,Minnesota Vikings,NFC North
2021,Jordan Hicks,ILB,"$3,000,000 ",ARI,Arizona Cardinals,NFC West
2021,Cameron Johnston,P,"$3,000,000 ",HOU,Houston Texans,AFC South
2021,Angelo Blackson,DE,"$3,000,000 ",CHI,Chicago Bears,NFC North
2021,Cordarrelle Patterson,RB,"$3,000,000 ",ATL,Atlanta Falcons,NFC South
2021,Mike Davis,RB,"$3,000,000 ",ATL,Atlanta Falcons,NFC South
2021,Anthony Walker Jr.,ILB,"$2,985,000 ",CLE,Cleveland Browns,AFC North
2021,C.J. Beathard,QB,"$2,976,464 ",JAC,Jacksonville Jaguars,AFC South
2021,Ted Karras,C,"$2,970,588 ",NE,New England Patriots,AFC East
2021,Azeez Ojulari,LB,"$2,947,208 ",NYG,New  York Giants,NFC East
2021,Ryan Griffin,TE,"$2,940,000 ",NYJ,New York Jets,AFC East
2021,Matt Prater,K,"$2,925,000 ",ARI,Arizona Cardinals,NFC West
2021,John Franklin-Myers,DE,"$2,920,000 ",NYJ,New York Jets,AFC East
2021,LaMarcus Joyner,FS,"$2,911,754 ",NYJ,New York Jets,AFC East
2021,A.J. Cole,P,"$2,850,000 ",LV,Los Angeles Rams,AFC West
2021,Jeremiah Attaochu,OLB,"$2,850,000 ",CHI,Chicago Bears,NFC North
2021,Samuel Cosmi,RT,"$2,838,596 ",WAS,Washington Commanders,NFC East
2021,Nick Gates,C,"$2,825,000 ",NYG,New  York Giants,NFC East
2021,Jordan Jenkins,DE,"$2,823,521 ",HOU,Houston Texans,AFC South
2021,Solomon Thomas,DE,"$2,800,000 ",LV,Los Angeles Rams,AFC West
2021,Riley Dixon,P,"$2,800,000 ",NYG,New  York Giants,NFC East
2021,Bradley Pinion,P,"$2,800,000 ",TB,Tampa Bay Buccaneers,NFC South
2021,Xavier Su'a-Filo,G,"$2,770,588 ",CIN,Cincinnati Bengals,AFC North
2021,Derek Watt,FB,"$2,750,000 ",PIT,Pittsburgh Steelers,AFC North
2021,Jeremiah Owusu-Koramoah,OLB,"$2,729,976 ",CLE,Cleveland Browns,AFC North
2021,Minkah Fitzpatrick,FS,"$2,722,878 ",PIT,Pittsburgh Steelers,AFC North
2021,Brett Kern,P,"$2,700,000 ",TEN,Tennessee Titans,AFC South
2021,Cethan Carter,TE,"$2,700,000 ",MIA,Miami Dolphins,AFC East
2021,Jon Bostic,ILB,"$2,690,000 ",WAS,Washington Commanders,NFC East
2021,Tavon Young,CB,"$2,650,000 ",BAL,Baltimore Ravens,AFC North
2021,Maxx Williams,TE,"$2,638,235 ",ARI,Arizona Cardinals,NFC West
2021,Matthew Slater,WR,"$2,626,464 ",NE,New England Patriots,AFC East
2021,Dillon Radunz,G,"$2,621,364 ",TEN,Tennessee Titans,AFC South
2021,Mike Boone,RB,"$2,600,000 ",DEN,Denver Broncos,AFC West
2021,Justin Bethel,CB,"$2,576,471 ",NE,New England Patriots,AFC East
2021,T.J. Hockenson,TE,"$2,563,812 ",DET,Detroit Lions,NFC North
2021,Josh Allen,OLB,"$2,562,513 ",JAC,Jacksonville Jaguars,AFC South
2021,Al-Quadin Muhammad,DE,"$2,555,000 ",IND,Indianapolis Colts,AFC South
2021,Tashaun Gipson,FS,"$2,555,000 ",CHI,Chicago Bears,NFC North
2021,Jake Elliott,K,"$2,550,000 ",PHI,Philadelphia Eagles,NFC East
2021,Clayton Fejedelem,SS,"$2,525,000 ",MIA,Miami Dolphins,AFC East
2021,Dayo Odeyingbo,DE,"$2,512,743 ",IND,Indianapolis Colts,AFC South
2021,Jihad Ward,OLB,"$2,500,000 ",JAC,Jacksonville Jaguars,AFC South
2021,Cody Davis,FS,"$2,500,000 ",NE,New England Patriots,AFC East
2021,Lawrence Guy,DT,"$2,500,000 ",NE,New England Patriots,AFC East
2021,Chuck Clark,SS,"$2,500,000 ",BAL,Baltimore Ravens,AFC North
2021,Andre James,C,"$2,500,000 ",LV,Los Angeles Rams,AFC West
2021,Zay Jones,WR,"$2,500,000 ",LV,Los Angeles Rams,AFC West
2021,Casey Hayward,CB,"$2,500,000 ",LV,Los Angeles Rams,AFC West
2021,Ryan Kerrigan,DE,"$2,500,000 ",PHI,Philadelphia Eagles,NFC East
2021,Steven Nelson,CB,"$2,500,000 ",PHI,Philadelphia Eagles,NFC East
2021,Mitchell Trubisky,QB,"$2,500,000 ",BUF,Buffalo Bills,AFC East
2021,Greg Zuerlein,K,"$2,485,294 ",DAL,Dallas Cowboys,NFC East
2021,Isaac Rochell,DE,"$2,470,000 ",IND,Indianapolis Colts,AFC South
2021,James White,RB,"$2,462,500 ",NE,New England Patriots,AFC East
2021,Daniel Sorensen,SS,"$2,462,500 ",KC,Kansas City Chiefs,AFC West
2021,Da'Ron Payne,DT,"$2,446,140 ",WAS,Washington Commanders,NFC East
2021,Michael Gallup,WR,"$2,443,000 ",DAL,Dallas Cowboys,NFC East
2021,Donte Jackson,CB,"$2,443,000 ",CAR,Carolina Panthers,NFC South
2021,Carlos Hyde,RB,"$2,441,168 ",JAC,Jacksonville Jaguars,AFC South
2021,Kamu Grugier-Hill,ILB,"$2,441,165 ",HOU,Houston Texans,AFC South
2021,Jessie Bates III,FS,"$2,433,000 ",CIN,Cincinnati Bengals,AFC North
2021,Connor Williams,G,"$2,433,000 ",DAL,Dallas Cowboys,NFC East
2021,Harold Landry,OLB,"$2,433,000 ",TEN,Tennessee Titans,AFC South
2021,Christian Kirk,WR,"$2,433,000 ",ARI,Arizona Cardinals,NFC West
2021,Justin Reid,FS,"$2,433,000 ",HOU,Houston Texans,AFC South
2021,Carlton Davis,CB,"$2,433,000 ",TB,Tampa Bay Buccaneers,NFC South
2021,Jordan Whitehead,S,"$2,433,000 ",TB,Tampa Bay Buccaneers,NFC South
2021,Justin Britt,C,"$2,423,528 ",HOU,Houston Texans,AFC South
2021,Al Woods,DT,"$2,411,765 ",SEA,Pittsburgh Steelers,NFC West
2021,Pat Freiermuth,TE,"$2,404,132 ",PIT,Pittsburgh Steelers,AFC North
2021,Geoff Swaim,TE,"$2,397,050 ",TEN,Tennessee Titans,AFC South
2021,Rashod Hill,LT,"$2,377,500 ",MIN,Minnesota Vikings,NFC North
2021,Jalen Reeves-Maybin,ILB,"$2,377,500 ",DET,Detroit Lions,NFC North
2021,K'Waun Williams,CB,"$2,377,500 ",SF,San Francisco 49ers,NFC West
2021,Rashard Higgins,WR,"$2,377,500 ",CLE,Cleveland Browns,AFC North
2021,Tim Boyle,QB,"$2,376,471 ",DET,Detroit Lions,NFC North
2021,Zach Sieler,DT,"$2,375,000 ",MIA,Miami Dolphins,AFC East
2021,Marcus Davenport,DE,"$2,353,895 ",NO,New Orleans Saints,NFC South
2021,Justin Hardee,CB,"$2,350,000 ",NYJ,New York Jets,AFC East
2021,D'Wayne Eskridge,WR,"$2,349,820 ",SEA,Pittsburgh Steelers,NFC West
2021,TuTu Atwell,WR,"$2,317,236 ",LAR,Los Angeles Rams,NFC West
2021,Nick Bellore,FB,"$2,300,000 ",SEA,Pittsburgh Steelers,NFC West
2021,P.J. Williams,CB,"$2,300,000 ",NO,New Orleans Saints,NFC South
2021,Sam Martin,P,"$2,300,000 ",DEN,Denver Broncos,AFC West
2021,Ed Oliver,DT,"$2,283,650 ",BUF,Buffalo Bills,AFC East
2021,Matt Haack,P,"$2,275,000 ",BUF,Buffalo Bills,AFC East
2021,Bobby Massie,RT,"$2,275,000 ",DEN,Denver Broncos,AFC West
2021,Bradley Roby,CB,"$2,274,130 ",NO,New Orleans Saints,NFC South
2021,Nick Bolton,LB,"$2,262,932 ",KC,Kansas City Chiefs,AFC West
2021,Joe Burrow,QB,"$2,255,006 ",CIN,Cincinnati Bengals,AFC North
2021,C.J. Ham,FB,"$2,250,000 ",MIN,Minnesota Vikings,NFC North
2021,Jamaal Williams,RB,"$2,250,000 ",DET,Detroit Lions,NFC North
2021,Tavierre Thomas,CB,"$2,250,000 ",HOU,Houston Texans,AFC South
2021,Rakeem Nunez-Roches,DT,"$2,250,000 ",TB,Tampa Bay Buccaneers,NFC South
2021,Justin Coleman,CB,"$2,250,000 ",MIA,Miami Dolphins,AFC East
2021,Devin Bush,ILB,"$2,210,615 ",PIT,Pittsburgh Steelers,AFC North
2021,Tremaine Edmunds,ILB,"$2,206,301 ",BUF,Buffalo Bills,AFC East
2021,Chris Wormley,DT,"$2,200,000 ",PIT,Pittsburgh Steelers,AFC North
2021,Terrace Marshall,WR,"$2,186,900 ",CAR,Carolina Panthers,NFC South
2021,DJ Chark,WR,"$2,183,000 ",JAC,Jacksonville Jaguars,AFC South
2021,Marquez Valdes-Scantling,WR,"$2,183,000 ",GB,Green Bay Packers,NFC North
2021,Chuks Okorafor,LT,"$2,183,000 ",PIT,Pittsburgh Steelers,AFC North
2021,B.J. Hill,DT,"$2,183,000 ",CIN,Cincinnati Bengals,AFC North
2021,Deshon Elliott,FS,"$2,183,000 ",BAL,Baltimore Ravens,AFC North
2021,Brandon Parker,LT,"$2,183,000 ",LV,Los Angeles Rams,AFC West
2021,Bradley Bozeman,C,"$2,183,000 ",BAL,Baltimore Ravens,AFC North
2021,Will Hernandez,G,"$2,183,000 ",NYG,New  York Giants,NFC East
2021,Sebastian Joseph,DT,"$2,183,000 ",LAR,Los Angeles Rams,NFC West
2021,Lorenzo Carter,OLB,"$2,183,000 ",NYG,New  York Giants,NFC East
2021,Dalton Schultz,TE,"$2,183,000 ",DAL,Dallas Cowboys,NFC East
2021,Cedrick Wilson,WR,"$2,183,000 ",DAL,Dallas Cowboys,NFC East
2021,Mason Cole,C,"$2,183,000 ",MIN,Minnesota Vikings,NFC North
2021,Tracy Walker,FS,"$2,183,000 ",DET,Detroit Lions,NFC North
2021,Tyrell Crosby,LT,"$2,183,000 ",DET,Detroit Lions,NFC North
2021,Jordan Akins,TE,"$2,183,000 ",HOU,Houston Texans,AFC South
2021,James Daniels,G,"$2,183,000 ",CHI,Chicago Bears,NFC North
2021,Bilal Nichols,DE,"$2,183,000 ",CHI,Chicago Bears,NFC North
2021,Derrick Nnadi,DT,"$2,183,000 ",KC,Kansas City Chiefs,AFC West
2021,Ian Thomas,TE,"$2,183,000 ",CAR,Carolina Panthers,NFC South
2021,Ronnie Harrison,SS,"$2,183,000 ",CLE,Cleveland Browns,AFC North
2021,Justin Jones,DT,"$2,183,000 ",LAC,Los Angeles Chargers,AFC West
2021,Kyzir White,ILB,"$2,183,000 ",LAC,Los Angeles Chargers,AFC West
2021,Alex Cappa,G,"$2,183,000 ",TB,Tampa Bay Buccaneers,NFC South
2021,Isaiah Oliver,CB,"$2,183,000 ",ATL,Atlanta Falcons,NFC South
2021,Durham Smythe,TE,"$2,183,000 ",MIA,Miami Dolphins,AFC East
2021,Josey Jewell,ILB,"$2,183,000 ",DEN,Denver Broncos,AFC West
2021,Russell Gage,WR,"$2,183,000 ",ATL,Atlanta Falcons,NFC South
2021,Foley Fatukasi,DT,"$2,183,000 ",NYJ,New York Jets,AFC East
2021,Foyesade Oluokun,ILB,"$2,183,000 ",ATL,Atlanta Falcons,NFC South
2021,Tre'quan Smith,WR,"$2,182,835 ",NO,New Orleans Saints,NFC South
2021,Chase Young,DE,"$2,181,072 ",WAS,Washington Commanders,NFC East
2021,Derwin James,S,"$2,169,403 ",LAC,Los Angeles Chargers,AFC West
2021,Pete Werner,LB,"$2,154,312 ",NO,New Orleans Saints,NFC South
2021,Johnathan Ford,S,"$2,150,000 ",JAC,Jacksonville Jaguars,AFC South
2021,Christian Kirksey,ILB,"$2,147,058 ",HOU,Houston Texans,AFC South
2021,Elandon Roberts,OLB,"$2,140,000 ",MIA,Miami Dolphins,AFC East
2021,Jeff Okudah,CB,"$2,134,020 ",DET,Detroit Lions,NFC North
2021,Cam Sims,WR,"$2,133,000 ",WAS,Washington Commanders,NFC East
2021,George Odum,S,"$2,133,000 ",IND,Indianapolis Colts,AFC South
2021,Chandon Sullivan,CB,"$2,133,000 ",GB,Green Bay Packers,NFC North
2021,Ike Boettger,G,"$2,133,000 ",BUF,Buffalo Bills,AFC East
2021,Ezekiel Turner,ILB,"$2,133,000 ",ARI,Arizona Cardinals,NFC West
2021,A.J. Moore,S,"$2,133,000 ",HOU,Houston Texans,AFC South
2021,Byron Pringle,WR,"$2,133,000 ",KC,Kansas City Chiefs,AFC West
2021,Brandon Wilson,S,"$2,125,000 ",CIN,Cincinnati Bengals,AFC North
2021,Jaire Alexander,CB,"$2,123,238 ",GB,Green Bay Packers,NFC North
2021,Carlos Basham Jr.,DE,"$2,110,868 ",BUF,Buffalo Bills,AFC East
2021,Randy Gregory,DE,"$2,100,000 ",DAL,Dallas Cowboys,NFC East
2021,Pat Elflein,G,"$2,100,000 ",CAR,Carolina Panthers,NFC South
2021,Jonah Williams,LT,"$2,097,742 ",CIN,Cincinnati Bengals,AFC North
2021,Leighton Vander Esch,OLB,"$2,095,606 ",DAL,Dallas Cowboys,NFC East
2021,Taylor Heinicke,QB,"$2,093,750 ",WAS,Washington Commanders,NFC East
2021,Andrew Thomas,LT,"$2,080,254 ",NYG,New  York Giants,NFC East
2021,Josh Myers,C,"$2,078,280 ",GB,Green Bay Packers,NFC North
2021,Billy Price,C,"$2,077,158 ",NYG,New  York Giants,NFC East
2021,Justin Houston,OLB,"$2,075,000 ",BAL,Baltimore Ravens,AFC North
2021,Kelvin Beachum,RT,"$2,075,000 ",ARI,Arizona Cardinals,NFC West
2021,Kenny Clark,DT,"$2,070,576 ",GB,Green Bay Packers,NFC North
2021,Creed Humphrey,C,"$2,067,424 ",KC,Kansas City Chiefs,AFC West
2021,Rashaan Evans,ILB,"$2,058,708 ",TEN,Tennessee Titans,AFC South
2021,Jeff Wilson,RB,"$2,050,000 ",SF,San Francisco 49ers,NFC West
2021,Kyle Trask,QB,"$2,045,700 ",TB,Tampa Bay Buccaneers,NFC South
2021,Isaiah Wynn,LT,"$2,040,260 ",NE,New England Patriots,AFC East
2021,T.J. Edwards,LB,"$2,035,000 ",PHI,Philadelphia Eagles,NFC East
2021,Travis Carrie,CB,"$2,025,000 ",IND,Indianapolis Colts,AFC South
2021,D.J. Moore,WR,"$2,003,361 ",CAR,Carolina Panthers,NFC South
2021,Patrick Ricard,FB,"$2,000,000 ",BAL,Baltimore Ravens,AFC North
2021,Tyler Shatley,C,"$2,000,000 ",JAC,Jacksonville Jaguars,AFC South
2021,Joe Haeg,RT,"$2,000,000 ",PIT,Pittsburgh Steelers,AFC North
2021,De'Vondre Campbell,ILB,"$2,000,000 ",GB,Green Bay Packers,NFC North
2021,Jimmy Smith,CB,"$2,000,000 ",BAL,Baltimore Ravens,AFC North
2021,Marlon Mack,RB,"$2,000,000 ",IND,Indianapolis Colts,AFC South
2021,Rigoberto Sanchez,P,"$2,000,000 ",IND,Indianapolis Colts,AFC South
2021,C.J. Goodwin,CB,"$2,000,000 ",DAL,Dallas Cowboys,NFC East
2021,Alvin Kamara,RB,"$2,000,000 ",NO,New Orleans Saints,NFC South
2021,J.T. Gray,SS,"$2,000,000 ",NO,New Orleans Saints,NFC South
2021,Chase Daniel,QB,"$2,000,000 ",LAC,Los Angeles Chargers,AFC West
2021,Blaine Gabbert,QB,"$2,000,000 ",TB,Tampa Bay Buccaneers,NFC South
2021,Tua Tagovailoa,QB,"$1,986,156 ",MIA,Miami Dolphins,AFC East
2021,Tre Herndon,CB,"$1,985,294 ",JAC,Jacksonville Jaguars,AFC South
2021,Hayden Hurst,TE,"$1,984,913 ",ATL,Atlanta Falcons,NFC South
2021,Justin McCray,G,"$1,982,352 ",HOU,Houston Texans,AFC South
2021,Dalvin Cook,RB,"$1,982,343 ",MIN,Minnesota Vikings,NFC North
2021,Lucas Patrick,G,"$1,975,000 ",GB,Green Bay Packers,NFC North
2021,Neville Hewitt,OLB,"$1,970,588 ",HOU,Houston Texans,AFC South
2021,Calvin Ridley,WR,"$1,966,461 ",ATL,Atlanta Falcons,NFC South
2021,Tress Way,P,"$1,965,000 ",WAS,Washington Commanders,NFC East
2021,Damien Wilson,ILB,"$1,964,705 ",JAC,Jacksonville Jaguars,AFC South
2021,Nick Williams,DT,"$1,956,064 ",DET,Detroit Lions,NFC North
2021,Rashaad Penny,RB,"$1,948,014 ",SEA,Pittsburgh Steelers,NFC West
2021,Terrell Edmunds,SS,"$1,938,789 ",PIT,Pittsburgh Steelers,AFC North
2021,Rashan Gary,OLB,"$1,938,392 ",GB,Green Bay Packers,NFC North
2021,Allen Hurns,WR,"$1,925,000 ",MIA,Miami Dolphins,AFC East
2021,Nick Vannett,TE,"$1,900,000 ",NO,New Orleans Saints,NFC South
2021,Christian Wilkins,DE,"$1,898,555 ",MIA,Miami Dolphins,AFC East
2021,Rex Burkhead,RB,"$1,897,059 ",HOU,Houston Texans,AFC South
2021,Adam Shaheen,TE,"$1,866,165 ",MIA,Miami Dolphins,AFC East
2021,Taven Bryan,DT,"$1,864,767 ",JAC,Jacksonville Jaguars,AFC South
2021,Sam Koch,P,"$1,850,000 ",BAL,Baltimore Ravens,AFC North
2021,John Ross,WR,"$1,838,233 ",NYG,New  York Giants,NFC East
2021,Chris Lindstrom,G,"$1,832,160 ",ATL,Atlanta Falcons,NFC South
2021,Andre Cisco,S,"$1,828,364 ",JAC,Jacksonville Jaguars,AFC South
2021,Mike Hughes,CB,"$1,825,566 ",KC,Kansas City Chiefs,AFC West
2021,Kellen Mond,QB,"$1,818,848 ",MIN,Minnesota Vikings,NFC North
2021,Justin Herbert,QB,"$1,818,125 ",LAC,Los Angeles Chargers,AFC West
2021,Davis Mills,QB,"$1,817,892 ",HOU,Houston Texans,AFC South
2021,Jalen Mayfield,RT,"$1,807,644 ",ATL,Atlanta Falcons,NFC South
2021,Samaje Perine,RB,"$1,800,000 ",CIN,Cincinnati Bengals,AFC North
2021,Lee Smith,TE,"$1,800,000 ",ATL,Atlanta Falcons,NFC South
2021,Justin Murray,G,"$1,794,115 ",ARI,Arizona Cardinals,NFC West
2021,Tyler Kroft,TE,"$1,794,110 ",NYJ,New York Jets,AFC East
2021,Sony Michel,RB,"$1,792,731 ",LAR,Los Angeles Rams,NFC West
2021,Brady Christensen,RT,"$1,775,108 ",CAR,Carolina Panthers,NFC South
2021,Lamar Jackson,QB,"$1,771,588 ",BAL,Baltimore Ravens,AFC North
2021,Alim McNeill,DT,"$1,750,316 ",DET,Detroit Lions,NFC North
2021,Nick Martin,C,"$1,750,000 ",LV,Los Angeles Rams,AFC West
2021,Ty Nsekhe,LT,"$1,750,000 ",DAL,Dallas Cowboys,NFC East
2021,Brent Urban,DE,"$1,750,000 ",DAL,Dallas Cowboys,NFC East
2021,Charles Harris,OLB,"$1,750,000 ",DET,Detroit Lions,NFC North
2021,Levi Wallace,CB,"$1,750,000 ",BUF,Buffalo Bills,AFC East
2021,Taiwan Jones,RB,"$1,750,000 ",BUF,Buffalo Bills,AFC East
2021,James Conner,RB,"$1,750,000 ",ARI,Arizona Cardinals,NFC West
2021,Pat O'Donnell,P,"$1,750,000 ",CHI,Chicago Bears,NFC North
2021,Malcolm Brown,RB,"$1,750,000 ",MIA,Miami Dolphins,AFC East
2021,Danny Amendola,WR,"$1,747,058 ",HOU,Houston Texans,AFC South
2021,Milton Williams,DT,"$1,736,488 ",PHI,Philadelphia Eagles,NFC East
2021,Carlos Watkins,DE,"$1,735,294 ",DAL,Dallas Cowboys,NFC East
2021,Xavier Woods,S,"$1,735,294 ",MIN,Minnesota Vikings,NFC North
2021,Alex Anzalone,ILB,"$1,735,294 ",DET,Detroit Lions,NFC North
2021,Benjamin St-Juste,CB,"$1,729,640 ",WAS,Washington Commanders,NFC East
2021,Brian Burns,DE,"$1,725,926 ",CAR,Carolina Panthers,NFC South
2021,Nick Vigil,OLB,"$1,720,588 ",MIN,Minnesota Vikings,NFC North
2021,Osa Odighizuwa,DT,"$1,719,048 ",DAL,Dallas Cowboys,NFC East
2021,Dexter Lawrence,DE,"$1,699,368 ",NYG,New  York Giants,NFC East
2021,Paulson Adebo,CB,"$1,685,716 ",NO,New Orleans Saints,NFC South
2021,Derrick Brown,DT,"$1,683,700 ",CAR,Carolina Panthers,NFC South
2021,Chris Board,ILB,"$1,683,000 ",BAL,Baltimore Ravens,AFC North
2021,Josh Palmer,WR,"$1,680,696 ",LAC,Los Angeles Chargers,AFC West
2021,Terrence Brooks,FS,"$1,679,406 ",HOU,Houston Texans,AFC South
2021,Chazz Surratt,LB,"$1,667,340 ",MIN,Minnesota Vikings,NFC North
2021,Garrett Bradbury,C,"$1,666,170 ",MIN,Minnesota Vikings,NFC North
2021,Aaron Robinson,CB,"$1,665,298 ",NYG,New  York Giants,NFC East
2021,Reid Ferguson,LS,"$1,665,000 ",BUF,Buffalo Bills,AFC East
2021,Malcolm Koonce,DE,"$1,654,880 ",LV,Los Angeles Rams,AFC West
2021,Jesse James,TE,"$1,650,000 ",CHI,Chicago Bears,NFC North
2021,Trenton Scott,LT,"$1,650,000 ",CAR,Carolina Panthers,NFC South
2021,Jeffery Simmons,DE,"$1,646,250 ",TEN,Tennessee Titans,AFC South
2021,Divine Deablo,LB,"$1,642,424 ",LV,Los Angeles Rams,AFC West
2021,Noah Fant,TE,"$1,639,611 ",DEN,Denver Broncos,AFC West
2021,Kevin Huber,P,"$1,637,500 ",CIN,Cincinnati Bengals,AFC North
2021,Hunter Long,TE,"$1,633,604 ",MIA,Miami Dolphins,AFC East
2021,Darnell Savage,SS,"$1,632,972 ",GB,Green Bay Packers,NFC North
2021,Andre Dillard,LT,"$1,619,599 ",PHI,Philadelphia Eagles,NFC East
2021,Dyami Brown,WR,"$1,615,636 ",WAS,Washington Commanders,NFC East
2021,Tytus Howard,RT,"$1,606,414 ",HOU,Houston Texans,AFC South
2021,Tommy Tremble,TE,"$1,602,860 ",CAR,Carolina Panthers,NFC South
2021,Levine Toilolo,TE,"$1,600,000 ",NYG,New  York Giants,NFC East
2021,Oday Aboushi,G,"$1,600,000 ",LAC,Los Angeles Chargers,AFC West
2021,Chauncey Golston,DE,"$1,595,700 ",DAL,Dallas Cowboys,NFC East
2021,Darryl Roberts,CB,"$1,595,000 ",WAS,Washington Commanders,NFC East
2021,Darrel Williams,RB,"$1,594,118 ",KC,Kansas City Chiefs,AFC West
2021,Nevin Lawson,CB,"$1,590,000 ",JAC,Jacksonville Jaguars,AFC South
2021,James O'Shaughnessy,TE,"$1,590,000 ",JAC,Jacksonville Jaguars,AFC South
2021,Ross Dwelley,TE,"$1,588,235 ",SF,San Francisco 49ers,NFC West
2021,Amari Rodgers,WR,"$1,583,560 ",GB,Green Bay Packers,NFC North
2021,Josh Jacobs,RB,"$1,579,854 ",LV,Los Angeles Rams,AFC West
2021,Tanner Vallejo,ILB,"$1,578,230 ",ARI,Arizona Cardinals,NFC West
2021,Deshazor Everett,FS,"$1,576,755 ",WAS,Washington Commanders,NFC East
2021,Tre Flowers,CB,"$1,576,614 ",CIN,Cincinnati Bengals,AFC North
2021,Wyatt Davis,G,"$1,572,212 ",MIN,Minnesota Vikings,NFC North
2021,Marquise Brown,WR,"$1,566,576 ",BAL,Baltimore Ravens,AFC North
2021,Kendrick Green,C,"$1,566,012 ",PIT,Pittsburgh Steelers,AFC North
2021,Trey Sermon,RB,"$1,563,952 ",SF,San Francisco 49ers,NFC West
2021,Patrick Jones,DE,"$1,561,892 ",MIN,Minnesota Vikings,NFC North
2021,Ben Niemann,LB,"$1,558,235 ",KC,Kansas City Chiefs,AFC West
2021,Anthony Schwartz,WR,"$1,556,744 ",CLE,Cleveland Browns,AFC North
2021,Jakeem Grant,WR,"$1,555,555 ",CHI,Chicago Bears,NFC North
2021,Shamar Stephen,DE,"$1,555,000 ",DEN,Denver Broncos,AFC West
2021,Montez Sweat,DE,"$1,553,296 ",WAS,Washington Commanders,NFC East
2021,Joseph Ossai,LB,"$1,551,448 ",CIN,Cincinnati Bengals,AFC North
2021,Cornelius Lucas,LT,"$1,550,000 ",WAS,Washington Commanders,NFC East
2021,Isaiah Simmons,ILB,"$1,549,275 ",ARI,Arizona Cardinals,NFC West
2021,Monty Rice,ILB,"$1,546,444 ",TEN,Tennessee Titans,AFC South
2021,Johnathan Abram,FS,"$1,540,018 ",LV,Los Angeles Rams,AFC West
2021,Spencer Brown,LT,"$1,536,144 ",BUF,Buffalo Bills,AFC East
2021,Jerry Tillery,DT,"$1,533,378 ",LAC,Los Angeles Chargers,AFC West
2021,Laurent Duvernay-Tardif,G,"$1,527,777 ",NYJ,New York Jets,AFC East
2021,Jason Peters,LT,"$1,525,000 ",CHI,Chicago Bears,NFC North
2021,Nico Collins,WR,"$1,522,087 ",HOU,Houston Texans,AFC South
2021,Robert Hainsey,C,"$1,515,544 ",TB,Tampa Bay Buccaneers,NFC South
2021,Jedrick Wills,LT,"$1,505,587 ",CLE,Cleveland Browns,AFC North
2021,Austin Corbett,G,"$1,505,235 ",LAR,Los Angeles Rams,NFC West
2021,Baron Browning,ILB,"$1,500,620 ",DEN,Denver Broncos,AFC West
2021,Quinn Meinerz,C,"$1,500,620 ",DEN,Denver Broncos,AFC West
2021,Ronnie Perkins,DE,"$1,500,620 ",NE,New England Patriots,AFC East
2021,Ernest Jones,LB,"$1,500,620 ",LAR,Los Angeles Rams,NFC West
2021,Brandon Stephens,S,"$1,500,620 ",BAL,Baltimore Ravens,AFC North
2021,Nahshon Wright,CB,"$1,500,620 ",DAL,Dallas Cowboys,NFC East
2021,Elijah Molden,CB,"$1,500,620 ",TEN,Tennessee Titans,AFC South
2021,Ambry Thomas,CB,"$1,500,620 ",SF,San Francisco 49ers,NFC West
2021,Tre McKitty,TE,"$1,500,620 ",LAC,Los Angeles Chargers,AFC West
2021,Ahkello Witherspoon,CB,"$1,500,000 ",PIT,Pittsburgh Steelers,AFC North
2021,Brandon Allen,QB,"$1,500,000 ",CIN,Cincinnati Bengals,AFC North
2021,Rodney McLeod,FS,"$1,500,000 ",PHI,Philadelphia Eagles,NFC East
2021,Tarik Cohen,RB,"$1,500,000 ",CHI,Chicago Bears,NFC North
2021,Efe Obada,DE,"$1,500,000 ",BUF,Buffalo Bills,AFC East
2021,Kyle Long,G,"$1,500,000 ",KC,Kansas City Chiefs,AFC West
2021,Tanoh Kpassagnon,DE,"$1,500,000 ",NO,New Orleans Saints,NFC South
2021,Damien Williams,RB,"$1,500,000 ",CHI,Chicago Bears,NFC North
2021,Deon Bush,S,"$1,500,000 ",CHI,Chicago Bears,NFC North
2021,Andy Lee,P,"$1,500,000 ",ARI,Arizona Cardinals,NFC West
2021,Chris Conley,WR,"$1,500,000 ",HOU,Houston Texans,AFC South
2021,Kyler Fackrell,OLB,"$1,500,000 ",LAC,Los Angeles Chargers,AFC West
2021,Ryan Smith,CB,"$1,500,000 ",LAC,Los Angeles Chargers,AFC West
2021,Pharaoh Brown,TE,"$1,494,117 ",HOU,Houston Texans,AFC South
2021,Ja'Wuan James,RT,"$1,490,000 ",BAL,Baltimore Ravens,AFC North
2021,L.J. Collier,DE,"$1,480,098 ",SEA,Pittsburgh Steelers,NFC West
2021,Vincent Taylor,DT,"$1,470,575 ",HOU,Houston Texans,AFC South
2021,Michael Carter,RB,"$1,467,368 ",NYJ,New York Jets,AFC East
2021,James Winchester,LS,"$1,465,000 ",KC,Kansas City Chiefs,AFC West
2021,Darren Hall,CB,"$1,464,748 ",ATL,Atlanta Falcons,NFC South
2021,Ricardo Allen,FS,"$1,460,584 ",CIN,Cincinnati Bengals,AFC North
2021,Bobby McCain,CB,"$1,460,000 ",WAS,Washington Commanders,NFC East
2021,Ben Cleveland,G,"$1,457,779 ",BAL,Baltimore Ravens,AFC North
2021,DeMarcus Walker,DT,"$1,452,941 ",HOU,Houston Texans,AFC South
2021,James Hudson,LT,"$1,452,416 ",CLE,Cleveland Browns,AFC North
2021,Mekhi Becton,LT,"$1,448,457 ",NYJ,New York Jets,AFC East
2021,Cameron Sample,DE,"$1,448,144 ",CIN,Cincinnati Bengals,AFC North
2021,Amon-Ra St. Brown,WR,"$1,445,252 ",DET,Detroit Lions,NFC North
2021,Ronald Jones II,RB,"$1,444,351 ",TB,Tampa Bay Buccaneers,NFC South
2021,Derrick Barnes,ILB,"$1,441,204 ",DET,Detroit Lions,NFC North
2021,Andy Janovich,FB,"$1,437,500 ",CLE,Cleveland Browns,AFC North
2021,Drew Dalman,C,"$1,436,720 ",ATL,Atlanta Falcons,NFC South
2021,Kaleb McGary,RT,"$1,428,250 ",ATL,Atlanta Falcons,NFC South
2021,Elerson Smith,DE,"$1,418,288 ",NYG,New  York Giants,NFC East
2021,Bobby Brown,DT,"$1,416,532 ",LAR,Los Angeles Rams,NFC West
2021,Chris Rumph II,DE,"$1,413,544 ",LAC,Los Angeles Chargers,AFC West
2021,N'Keal Harry,WR,"$1,413,032 ",NE,New England Patriots,AFC East
2021,Rhamondre Stevenson,RB,"$1,409,056 ",NE,New England Patriots,AFC East
2021,Josh Norman,CB,"$1,405,882 ",SF,San Francisco 49ers,NFC West
2021,Michael Palardy,P,"$1,400,000 ",MIA,Miami Dolphins,AFC East
2021,Jordan Smith,OLB,"$1,399,588 ",JAC,Jacksonville Jaguars,AFC South
2021,Tyler Shelvin,DT,"$1,396,564 ",CIN,Cincinnati Bengals,AFC North
2021,Cameron Fleming,LT,"$1,395,000 ",DEN,Denver Broncos,AFC West
2021,Tyeler Davison,DT,"$1,391,165 ",ATL,Atlanta Falcons,NFC South
2021,Zech McPhearson,CB,"$1,389,652 ",PHI,Philadelphia Eagles,NFC East
2021,John Bates,TE,"$1,382,416 ",WAS,Washington Commanders,NFC East
2021,Mike Gesicki,TE,"$1,381,626 ",MIA,Miami Dolphins,AFC East
2021,Camryn Bynum,CB,"$1,377,812 ",MIN,Minnesota Vikings,NFC North
2021,Mike Glennon,QB,"$1,375,000 ",NYG,New  York Giants,NFC East
2021,Chuba Hubbard,RB,"$1,373,174 ",CAR,Carolina Panthers,NFC South
2021,Kylen Granson,TE,"$1,366,368 ",IND,Indianapolis Colts,AFC South
2021,Jaelon Darden,WR,"$1,357,904 ",TB,Tampa Bay Buccaneers,NFC South
2021,Dan Moore,LT,"$1,357,904 ",PIT,Pittsburgh Steelers,AFC North
2021,Robert Rochell,CB,"$1,350,928 ",LAR,Los Angeles Rams,NFC West
2021,Erik Harris,S,"$1,350,000 ",ATL,Atlanta Falcons,NFC South
2021,Tristan Wirfs,RT,"$1,347,638 ",TB,Tampa Bay Buccaneers,NFC South
2021,Tylan Wallace,WR,"$1,345,364 ",BAL,Baltimore Ravens,AFC North
2021,Tommy Togiai,DT,"$1,337,144 ",CLE,Cleveland Browns,AFC North
2021,Jay Tufele,DT,"$1,335,965 ",JAC,Jacksonville Jaguars,AFC South
2021,Kenny Young,ILB,"$1,334,058 ",DEN,Denver Broncos,AFC West
2021,Ian Book,QB,"$1,333,584 ",NO,New Orleans Saints,NFC South
2021,Kene Nwangwu,RB,"$1,331,133 ",MIN,Minnesota Vikings,NFC North
2021,Dennis Kelly,RT,"$1,325,000 ",GB,Green Bay Packers,NFC North
2021,Javon Kinlaw,DT,"$1,314,031 ",SF,San Francisco 49ers,NFC West
2021,Marco Wilson,S,"$1,310,380 ",ARI,Arizona Cardinals,NFC West
2021,Trent Sieg,LS,"$1,307,500 ",LV,Los Angeles Rams,AFC West
2021,Jerry Jeudy,WR,"$1,300,590 ",DEN,Denver Broncos,AFC West
2021,Jabril Cox,OLB,"$1,295,140 ",DAL,Dallas Cowboys,NFC East
2021,Sidney Jones,CB,"$1,288,235 ",SEA,Pittsburgh Steelers,NFC West
2021,C.J. Henderson,CB,"$1,285,455 ",CAR,Carolina Panthers,NFC South
2021,Ifeatu Melifonwu,CB,"$1,282,840 ",DET,Detroit Lions,NFC North
2021,Uchenna Nwosu,OLB,"$1,265,397 ",LAC,Los Angeles Chargers,AFC West
2021,Andre Smith,OLB,"$1,261,615 ",BUF,Buffalo Bills,AFC East
2021,A.J. Terrell,CB,"$1,260,261 ",ATL,Atlanta Falcons,NFC South
2021,Chad Henne,QB,"$1,250,000 ",KC,Kansas City Chiefs,AFC West
2021,Aaron Stinnie,G,"$1,250,000 ",TB,Tampa Bay Buccaneers,NFC South
2021,Tyler Lancaster,DE,"$1,247,058 ",GB,Green Bay Packers,NFC North
2021,CeeDee Lamb,WR,"$1,246,819 ",DAL,Dallas Cowboys,NFC East
2021,Marcell Harris,S,"$1,244,118 ",SF,San Francisco 49ers,NFC West
2021,Tre Brown,CB,"$1,232,608 ",SEA,Pittsburgh Steelers,NFC West
2021,Austin Jackson,LT,"$1,230,016 ",MIA,Miami Dolphins,AFC East
2021,Tee Higgins,WR,"$1,227,123 ",CIN,Cincinnati Bengals,AFC North
2021,Byron Murphy,CB,"$1,221,318 ",ARI,Arizona Cardinals,NFC West
2021,Richie Incognito,G,"$1,220,000 ",LV,Los Angeles Rams,AFC West
2021,Tremon Smith,CB,"$1,217,059 ",HOU,Houston Texans,AFC South
2021,KLavon Chaisson,OLB,"$1,216,573 ",JAC,Jacksonville Jaguars,AFC South
2021,Tae Davis,LB,"$1,214,705 ",HOU,Houston Texans,AFC South
2021,Rock Ya-Sin,CB,"$1,214,678 ",IND,Indianapolis Colts,AFC South
2021,Jalen Reagor,WR,"$1,213,213 ",PHI,Philadelphia Eagles,NFC East
2021,Jason McCourty,CB,"$1,212,500 ",MIA,Miami Dolphins,AFC East
2021,Duron Harmon,SS,"$1,212,500 ",ATL,Atlanta Falcons,NFC South
2021,A.J. McCarron,QB,"$1,212,500 ",ATL,Atlanta Falcons,NFC South
2021,Clark Harris,LS,"$1,212,500 ",CIN,Cincinnati Bengals,AFC North
2021,Nate Ebner,FS,"$1,212,500 ",NYG,New  York Giants,NFC East
2021,Geno Smith,QB,"$1,212,500 ",SEA,Pittsburgh Steelers,NFC West
2021,Morgan Cox,LS,"$1,212,500 ",TEN,Tennessee Titans,AFC South
2021,Marquise Goodwin,WR,"$1,212,500 ",CHI,Chicago Bears,NFC North
2021,Christian Jones,ILB,"$1,212,500 ",CHI,Chicago Bears,NFC North
2021,Colt McCoy,QB,"$1,212,500 ",ARI,Arizona Cardinals,NFC West
2021,Corey Peters,DT,"$1,212,500 ",ARI,Arizona Cardinals,NFC West
2021,Malcolm Smith,OLB,"$1,212,500 ",CLE,Cleveland Browns,AFC North
2021,J.J. Jansen,LS,"$1,212,500 ",CAR,Carolina Panthers,NFC South
2021,Jon Weeks,LS,"$1,212,500 ",HOU,Houston Texans,AFC South
2021,Giovani Bernard,RB,"$1,212,500 ",TB,Tampa Bay Buccaneers,NFC South
2021,Steve McLendon,DT,"$1,212,500 ",TB,Tampa Bay Buccaneers,NFC South
2021,Kevin Minter,ILB,"$1,212,500 ",TB,Tampa Bay Buccaneers,NFC South
2021,Jawaan Taylor,RT,"$1,208,038 ",JAC,Jacksonville Jaguars,AFC South
2021,Justin Jefferson,WR,"$1,206,491 ",MIN,Minnesota Vikings,NFC North
2021,Michael Ford,CB,"$1,200,000 ",DEN,Denver Broncos,AFC West
2021,Kenneth Murray,ILB,"$1,199,770 ",LAC,Los Angeles Chargers,AFC West
2021,Vernon Hargreaves,CB,"$1,196,732 ",CIN,Cincinnati Bengals,AFC North
2021,Deebo Samuel,WR,"$1,194,760 ",SF,San Francisco 49ers,NFC West
2021,Kemoko Turay,DE,"$1,191,600 ",IND,Indianapolis Colts,AFC South
2021,Adam Humphries,WR,"$1,190,000 ",WAS,Washington Commanders,NFC East
2021,Greg Little,LT,"$1,189,448 ",MIA,Miami Dolphins,AFC East
2021,Cesar Ruiz,G,"$1,186,328 ",NO,New Orleans Saints,NFC South
2021,John Jenkins,DT,"$1,181,617 ",MIA,Miami Dolphins,AFC East
2021,Brandon Aiyuk,WR,"$1,179,606 ",SF,San Francisco 49ers,NFC West
2021,Cody Ford,G,"$1,177,498 ",BUF,Buffalo Bills,AFC East
2021,M.J. Stewart,CB,"$1,173,152 ",CLE,Cleveland Browns,AFC North
2021,Jordan Love,QB,"$1,172,884 ",GB,Green Bay Packers,NFC North
2021,Aaron Brewer,LS,"$1,166,202 ",ARI,Arizona Cardinals,NFC West
2021,Jordyn Brooks,OLB,"$1,166,164 ",SEA,Pittsburgh Steelers,NFC West
2021,Sean Bunting,CB,"$1,165,546 ",TB,Tampa Bay Buccaneers,NFC South
2021,Patrick Queen,ILB,"$1,162,803 ",BAL,Baltimore Ravens,AFC North
2021,J.D. McKissic,RB,"$1,160,000 ",WAS,Washington Commanders,NFC East
2021,Buddy Johnson,LB,"$1,159,344 ",PIT,Pittsburgh Steelers,AFC North
2021,Tyree Gillespie,S,"$1,159,344 ",LV,Los Angeles Rams,AFC West
2021,Royce Newman,G,"$1,159,344 ",GB,Green Bay Packers,NFC North
2021,Trayvon Mullen,CB,"$1,154,922 ",LV,Los Angeles Rams,AFC West
2021,Charley Hughlett,LS,"$1,145,000 ",CLE,Cleveland Browns,AFC North
2021,Dalton Risner,G,"$1,144,299 ",DEN,Denver Broncos,AFC West
2021,Mohamed Sanu,WR,"$1,140,000 ",SF,San Francisco 49ers,NFC West
2021,Drew Lock,QB,"$1,132,347 ",DEN,Denver Broncos,AFC West
2021,Mack Hollins,WR,"$1,127,500 ",MIA,Miami Dolphins,AFC East
2021,Duke Riley,OLB,"$1,127,500 ",MIA,Miami Dolphins,AFC East
2021,Brennan Scarlett,OLB,"$1,127,500 ",MIA,Miami Dolphins,AFC East
2021,Josh Andrews,C,"$1,127,500 ",ATL,Atlanta Falcons,NFC South
2021,Steven Means,OLB,"$1,127,500 ",ATL,Atlanta Falcons,NFC South
2021,Fabian Moreau,CB,"$1,127,500 ",ATL,Atlanta Falcons,NFC South
2021,Adam Gotsis,DE,"$1,127,500 ",JAC,Jacksonville Jaguars,AFC South
2021,Miles Killebrew,S,"$1,127,500 ",PIT,Pittsburgh Steelers,AFC North
2021,Quinton Spain,G,"$1,127,500 ",CIN,Cincinnati Bengals,AFC North
2021,Jordan Evans,OLB,"$1,127,500 ",CIN,Cincinnati Bengals,AFC North
2021,Reggie Ragland,ILB,"$1,127,500 ",NYG,New  York Giants,NFC East
2021,Danny Shelton,DT,"$1,127,500 ",NYG,New  York Giants,NFC East
2021,Julie'n Davenport,RT,"$1,127,500 ",IND,Indianapolis Colts,AFC South
2021,Chris Reed,G,"$1,127,500 ",IND,Indianapolis Colts,AFC South
2021,L.J. Fort,ILB,"$1,127,500 ",BAL,Baltimore Ravens,AFC North
2021,Noah Brown,WR,"$1,127,500 ",DAL,Dallas Cowboys,NFC East
2021,Damontae Kazee,S,"$1,127,500 ",DAL,Dallas Cowboys,NFC East
2021,Jayron Kearse,S,"$1,127,500 ",DAL,Dallas Cowboys,NFC East
2021,Mackensie Alexander,CB,"$1,127,500 ",MIN,Minnesota Vikings,NFC North
2021,Dede Westbrook,WR,"$1,127,500 ",MIN,Minnesota Vikings,NFC North
2021,Kalif Raymond,WR,"$1,127,500 ",DET,Detroit Lions,NFC North
2021,Kwon Alexander,ILB,"$1,127,500 ",NO,New Orleans Saints,NFC South
2021,Ty Montgomery,RB,"$1,127,500 ",NO,New Orleans Saints,NFC South
2021,Dwayne Washington,RB,"$1,127,500 ",NO,New Orleans Saints,NFC South
2021,Damiere Byrd,WR,"$1,127,500 ",CHI,Chicago Bears,NFC North
2021,DeAndre Houston-Carson,S,"$1,127,500 ",CHI,Chicago Bears,NFC North
2021,Blake Bell,TE,"$1,127,500 ",KC,Kansas City Chiefs,AFC West
2021,Patrick Scales,LS,"$1,127,500 ",CHI,Chicago Bears,NFC North
2021,Demarcus Robinson,WR,"$1,127,500 ",KC,Kansas City Chiefs,AFC West
2021,Elijah Wilkinson,LT,"$1,127,500 ",CHI,Chicago Bears,NFC North
2021,Jaquiski Tartt,FS,"$1,127,500 ",SF,San Francisco 49ers,NFC West
2021,Isaiah McKenzie,WR,"$1,127,500 ",BUF,Buffalo Bills,AFC East
2021,Darrell Daniels,TE,"$1,127,500 ",ARI,Arizona Cardinals,NFC West
2021,Max Garcia,C,"$1,127,500 ",ARI,Arizona Cardinals,NFC West
2021,Charles Washington,S,"$1,127,500 ",ARI,Arizona Cardinals,NFC West
2021,John Miller,G,"$1,127,500 ",CAR,Carolina Panthers,NFC South
2021,Josh Wells,RT,"$1,127,500 ",TB,Tampa Bay Buccaneers,NFC South
2021,Tavon Wilson,SS,"$1,125,000 ",SF,San Francisco 49ers,NFC West
2021,Richard Sherman,CB,"$1,125,000 ",TB,Tampa Bay Buccaneers,NFC South
2021,Noah Igbinoghene,CB,"$1,121,555 ",MIA,Miami Dolphins,AFC East
2021,Rashad Weaver,DE,"$1,115,495 ",TEN,Tennessee Titans,AFC South
2021,Nick Dzubnar,ILB,"$1,115,000 ",TEN,Tennessee Titans,AFC South
2021,Elgton Jenkins,LT,"$1,111,602 ",GB,Green Bay Packers,NFC North
2021,Josh Tupou,DT,"$1,108,235 ",CIN,Cincinnati Bengals,AFC North
2021,Clyde Edwards-Helaire,RB,"$1,101,890 ",KC,Kansas City Chiefs,AFC West
2021,Tevin Coleman,RB,"$1,100,000 ",NYJ,New York Jets,AFC East
2021,Brandon King,LB,"$1,100,000 ",NE,New England Patriots,AFC East
2021,Eli Apple,CB,"$1,100,000 ",CIN,Cincinnati Bengals,AFC North
2021,Robbie Gould,K,"$1,100,000 ",SF,San Francisco 49ers,NFC West
2021,Frankie Luvu,OLB,"$1,100,000 ",CAR,Carolina Panthers,NFC South
2021,Conor McDermott,LT,"$1,100,000 ",NYJ,New York Jets,AFC East
2021,Joejuan Williams,CB,"$1,097,424 ",NE,New England Patriots,AFC East
2021,James Washington,WR,"$1,093,820 ",PIT,Pittsburgh Steelers,AFC North
2021,Matthias Farley,SS,"$1,090,000 ",TEN,Tennessee Titans,AFC South
2021,Greedy Williams,CB,"$1,082,152 ",CLE,Cleveland Browns,AFC North
2021,Phillip Lindsay,RB,"$1,080,877 ",MIA,Miami Dolphins,AFC East
2021,Janarius Robinson,DE,"$1,080,404 ",MIN,Minnesota Vikings,NFC North
2021,Tyquan Lewis,DT,"$1,075,371 ",IND,Indianapolis Colts,AFC South
2021,Keith Smith,FB,"$1,075,000 ",ATL,Atlanta Falcons,NFC South
2021,Josh Harris,LS,"$1,075,000 ",ATL,Atlanta Falcons,NFC South
2021,Latavius Murray,RB,"$1,075,000 ",BAL,Baltimore Ravens,AFC North
2021,Derek Carrier,TE,"$1,075,000 ",LV,Los Angeles Rams,AFC West
2021,Pernell McPhee,OLB,"$1,075,000 ",BAL,Baltimore Ravens,AFC North
2021,Bryan Anger,P,"$1,075,000 ",DAL,Dallas Cowboys,NFC East
2021,Jake McQuaide,LS,"$1,075,000 ",DAL,Dallas Cowboys,NFC East
2021,Everson Griffen,DE,"$1,075,000 ",MIN,Minnesota Vikings,NFC North
